Landsat Product Identifier,Landsat Scene Identifier,Acquisition Date,Spacecraft Identifier,Scan Line Corrector,Collection Category,Collection Number,Sensor Mode,WRS Path,WRS Row,Date L-1 Generated,Start Time,Stop Time,Station Identifier,Day/Night Indicator,Land Cloud Cover,Scene Cloud Cover,Ground Control Points Model,Ground Control Points Version,Geometric RMSE Model (meters),Geometric RMSE Model X,Geometric RMSE Model Y,Image Quality,Gain Change,Processing Software Version,Full Partial Scene,Sun Elevation L-1,Sun Azimuth L-1,Gap Phase Source,Gap Phase Statistic,Data Type Level-1,Sensor Identifier,Ephemeris Type,Panchromatic Lines,Panchromatic Samples,Reflective Lines,Reflective Samples,Thermal Lines,Thermal Samples,Map Projection Level-1,UTM Zone,Datum,Ellipsoid,Grid Cell Size Panchromatic,Grid Cell Size Reflective,Grid Cell Size Thermal,Calibration Parameter File,Scan Gap Interpolation,Center Latitude,Center Longitude,UL Corner Lat,UL Corner Long,UR Corner Lat,UR Corner Long,LL Corner Lat,LL Corner Long,LR Corner Lat,LR Corner Long,Center Latitude dec,Center Longitude dec,UL Corner Lat dec,UL Corner Long dec,UR Corner Lat dec,UR Corner Long dec,LL Corner Lat dec,LL Corner Long dec,LR Corner Lat dec,LR Corner Long dec,Display ID,Ordering ID,Browse Link
LE07_L1GT_090084_20090922_20161217_01_T2,LE70900842009265ASN00,2009/09/22,LANDSAT_7,OFF,T2,1,BUMPER, 090, 084,2016/12/17,2009:265:23:40:13.0490624,2009:265:23:40:39.8031250,ASN - Alice Springs  Australia,Day,97,97,-1,-1,,,,9,N,LPGS_12.8.2,FULL,43.54903746,49.07989923,DE,.3963,ETM_L1GT,ETM,DEFINITIVE,14501,16541,7251,8271,7251,8271,UTM,55,WGS84,WGS84,15,30,30,LE07CPF_20090701_20090930_01.02,2,34°36'55.33"S,149°48'49.61"E,33°39'39.85"S,149°00'36.04"E,33°57'34.42"S,151°04'11.82"E,35°15'29.95"S,148°32'18.74"E,35°33'46.40"S,150°38'20.69"E,-34.61537,149.81378,-33.66107,149.01001,-33.95956,151.06995,-35.25832,148.53854,-35.56289,150.63908,LE07_L1GT_090084_20090922_20161217_01_T2,LE70900842009265ASN00,https://earthexplorer.usgs.gov/browse-link/12267/LE70900842009265ASN00
LE07_L1GT_090084_20090906_20161218_01_T2,LE70900842009249ASA00,2009/09/06,LANDSAT_7,OFF,T2,1,BUMPER, 090, 084,2016/12/18,2009:249:23:40:14.6958749,2009:249:23:40:41.4499375,ASA - Alice Springs  Austrailia,Day,94,94,-1,-1,,,,9,N,LPGS_12.8.2,FULL,37.8236029,45.62467526,DE,-15.828369,ETM_L1GT,ETM,DEFINITIVE,14561,16541,7281,8271,7281,8271,UTM,55,WGS84,WGS84,15,30,30,LE07CPF_20090701_20090930_01.02,2,34°36'54.83"S,149°49'25.64"E,33°39'44.46"S,149°01'10.31"E,33°57'40.18"S,151°04'49.37"E,35°15'33.19"S,148°32'51.00"E,35°33'50.44"S,150°38'56.47"E,-34.61523,149.82379,-33.66235,149.01953,-33.96116,151.08038,-35.25922,148.5475,-35.56401,150.64902,LE07_L1GT_090084_20090906_20161218_01_T2,LE70900842009249ASA00,https://earthexplorer.usgs.gov/browse-link/12267/LE70900842009249ASA00
LE07_L1TP_090084_20090821_20161219_01_T1,LE70900842009233ASN00,2009/08/21,LANDSAT_7,OFF,T1,1,BUMPER, 090, 084,2016/12/19,2009:233:23:40:14.9153749,2009:233:23:40:41.6694375,ASN - Alice Springs  Australia,Day,10,9,161,4,4.564,3.323,3.128,9,N,LPGS_12.8.2,FULL,32.4912591,42.74922952,DE,2.176013,ETM_L1TP,ETM,DEFINITIVE,14581,16561,7291,8281,7291,8281,UTM,55,WGS84,WGS84,15,30,30,LE07CPF_20090701_20090930_01.02,2,34°36'54.50"S,149°50'07.12"E,33°39'31.97"S,149°01'51.89"E,33°57'27.94"S,151°05'32.10"E,35°15'21.38"S,148°33'34.02"E,35°33'39.13"S,150°39'40.64"E,-34.61514,149.83531,-33.65888,149.03108,-33.95776,151.09225,-35.25594,148.55945,-35.56087,150.66129,LE07_L1TP_090084_20090821_20161219_01_T1,LE70900842009233ASN00,https://earthexplorer.usgs.gov/browse-link/12267/LE70900842009233ASN00
LE07_L1TP_090084_20090805_20161220_01_T1,LE70900842009217ASA00,2009/08/05,LANDSAT_7,OFF,T1,1,BUMPER, 090, 084,2016/12/20,2009:217:23:40:16.7484375,2009:217:23:40:43.5024374,ASA - Alice Springs  Austrailia,Day,47,48,88,4,4.96,3.742,3.256,9,N,LPGS_12.8.2,FULL,28.03147315,40.22476731,DE,-15.676173,ETM_L1TP,ETM,DEFINITIVE,14501,16561,7251,8281,7251,8281,UTM,55,WGS84,WGS84,15,30,30,LE07CPF_20090701_20090930_01.02,2,34°36'52.67"S,149°50'05.53"E,33°39'34.52"S,149°01'53.11"E,33°57'30.49"S,151°05'31.56"E,35°15'23.47"S,148°33'33.48"E,35°33'41.18"S,150°39'38.38"E,-34.61463,149.83487,-33.65959,149.03142,-33.95847,151.0921,-35.25652,148.5593,-35.56144,150.66066,LE07_L1TP_090084_20090805_20161220_01_T1,LE70900842009217ASA00,https://earthexplorer.usgs.gov/browse-link/12267/LE70900842009217ASA00
LE07_L1TP_090084_20090720_20161220_01_T1,LE70900842009201ASN00,2009/07/20,LANDSAT_7,OFF,T1,1,BUMPER, 090, 084,2016/12/20,2009:201:23:40:22.3733749,2009:201:23:40:49.1274999,ASN - Alice Springs  Australia,Day,0,0,183,4,4.958,3.741,3.254,9,N,LPGS_12.8.2,FULL,24.81892059,38.02271612,DE,-5.861245,ETM_L1TP,ETM,DEFINITIVE,14501,16541,7251,8271,7251,8271,UTM,55,WGS84,WGS84,15,30,30,LE07CPF_20090701_20090930_01.02,2,34°36'52.67"S,149°48'54.83"E,33°39'45.25"S,149°00'41.80"E,33°57'40.97"S,151°04'17.58"E,35°15'34.45"S,148°32'21.66"E,35°33'51.88"S,150°38'23.82"E,-34.61463,149.81523,-33.66257,149.01161,-33.96138,151.07155,-35.25957,148.53935,-35.56441,150.63995,LE07_L1TP_090084_20090720_20161220_01_T1,LE70900842009201ASN00,https://earthexplorer.usgs.gov/browse-link/12267/LE70900842009201ASN00
LE07_L1TP_090084_20090704_20161219_01_T1,LE70900842009185ASA00,2009/07/04,LANDSAT_7,OFF,T1,1,BUMPER, 090, 084,2016/12/19,2009:185:23:40:26.5981875,2009:185:23:40:53.3522499,ASA - Alice Springs  Austrailia,Day,6,6,179,4,5.669,4.444,3.52,9,N,LPGS_12.8.2,FULL,23.1059491,36.27180633,DE,.27011,ETM_L1TP,ETM,DEFINITIVE,14501,16561,7251,8281,7251,8281,UTM,55,WGS84,WGS84,15,30,30,LE07CPF_20090701_20090930_01.02,2,34°36'51.95"S,149°48'00.68"E,33°39'30.67"S,148°59'47.87"E,33°57'26.06"S,151°03'20.84"E,35°15'23.54"S,148°31'31.51"E,35°33'40.82"S,150°37'30.86"E,-34.61443,149.80019,-33.65852,148.99663,-33.95724,151.05579,-35.25654,148.52542,-35.56134,150.62524,LE07_L1TP_090084_20090704_20161219_01_T1,LE70900842009185ASA00,https://earthexplorer.usgs.gov/browse-link/12267/LE70900842009185ASA00
LE07_L1TP_090084_20090618_20161220_01_T1,LE70900842009169ASN00,2009/06/18,LANDSAT_7,OFF,T1,1,BUMPER, 090, 084,2016/12/20,2009:169:23:40:29.5655624,2009:169:23:40:56.3195624,ASN - Alice Springs  Australia,Day,40,40,93,4,5.445,4.276,3.371,9,N,LPGS_12.8.2,FULL,22.96254083,35.21732783,DE,4.647806,ETM_L1TP,ETM,DEFINITIVE,14541,16541,7271,8271,7271,8271,UTM,55,WGS84,WGS84,15,30,30,LE07CPF_20090401_20090630_01.02,2,34°36'52.31"S,149°47'14.57"E,33°39'37.37"S,148°59'00.85"E,33°57'33.48"S,151°02'33.94"E,35°15'24.98"S,148°30'43.96"E,35°33'42.26"S,150°36'43.31"E,-34.61453,149.78738,-33.66038,148.98357,-33.9593,151.04276,-35.25694,148.51221,-35.56174,150.61203,LE07_L1TP_090084_20090618_20161220_01_T1,LE70900842009169ASN00,https://earthexplorer.usgs.gov/browse-link/12267/LE70900842009169ASN00
LE07_L1GT_090084_20090602_20161220_01_T2,LE70900842009153ASA00,2009/06/02,LANDSAT_7,OFF,T2,1,BUMPER, 090, 084,2016/12/20,2009:153:23:40:31.0523750,2009:153:23:40:57.8063750,ASA - Alice Springs  Austrailia,Day,81,80,-1,-1,,,,9,N,LPGS_12.8.2,FULL,24.29900799,35.16334214,DE,3.46223,ETM_L1GT,ETM,DEFINITIVE,14561,16541,7281,8271,7281,8271,UTM,55,WGS84,WGS84,15,30,30,LE07CPF_20090401_20090630_01.02,2,34°36'51.19"S,149°46'47.28"E,33°39'34.42"S,148°58'34.68"E,33°57'30.60"S,151°02'10.14"E,35°15'23.65"S,148°30'14.44"E,35°33'41.54"S,150°36'16.13"E,-34.61422,149.7798,-33.65956,148.9763,-33.9585,151.03615,-35.25657,148.50401,-35.56154,150.60448,LE07_L1GT_090084_20090602_20161220_01_T2,LE70900842009153ASA00,https://earthexplorer.usgs.gov/browse-link/12267/LE70900842009153ASA00
LE07_L1TP_090084_20090517_20161220_01_T1,LE70900842009137ASA00,2009/05/17,LANDSAT_7,OFF,T1,1,BUMPER, 090, 084,2016/12/20,2009:137:23:40:30.9399374,2009:137:23:40:57.6940000,ASA - Alice Springs  Austrailia,Day,26,26,117,4,4.717,3.458,3.208,9,N,LPGS_12.8.2,FULL,26.87638346,36.3707793,DE,12.566155,ETM_L1TP,ETM,DEFINITIVE,14501,16541,7251,8271,7251,8271,UTM,55,WGS84,WGS84,15,30,30,LE07CPF_20090401_20090630_01.02,2,34°36'51.95"S,149°46'40.30"E,33°39'39.24"S,148°58'27.55"E,33°57'36.04"S,151°02'06.29"E,35°15'28.19"S,148°30'07.60"E,35°33'46.19"S,150°36'12.71"E,-34.61443,149.77786,-33.6609,148.97432,-33.96001,151.03508,-35.25783,148.50211,-35.56283,150.60353,LE07_L1TP_090084_20090517_20161220_01_T1,LE70900842009137ASA00,https://earthexplorer.usgs.gov/browse-link/12267/LE70900842009137ASA00
LE07_L1TP_090084_20090501_20161220_01_T1,LE70900842009121ASN00,2009/05/01,LANDSAT_7,OFF,T1,1,BUMPER, 090, 084,2016/12/20,2009:121:23:40:28.9663125,2009:121:23:40:55.7203750,ASN - Alice Springs  Australia,Day,9,9,126,4,4.551,3.161,3.274,9,N,LPGS_12.8.2,FULL,30.34715994,39.03123006,DE,-12.228101,ETM_L1TP,ETM,DEFINITIVE,14501,16561,7251,8281,7251,8281,UTM,55,WGS84,WGS84,15,30,30,LE07CPF_20090401_20090630_01.02,2,34°36'52.99"S,149°46'57.43"E,33°39'34.20"S,148°58'42.92"E,33°57'31.18"S,151°02'23.21"E,35°15'22.75"S,148°30'21.53"E,35°33'41.36"S,150°36'28.19"E,-34.61472,149.78262,-33.6595,148.97859,-33.95866,151.03978,-35.25632,148.50598,-35.56149,150.60783,LE07_L1TP_090084_20090501_20161220_01_T1,LE70900842009121ASN00,https://earthexplorer.usgs.gov/browse-link/12267/LE70900842009121ASN00
LE07_L1TP_090084_20090415_20161220_01_T1,LE70900842009105ASN00,2009/04/15,LANDSAT_7,OFF,T1,1,BUMPER, 090, 084,2016/12/20,2009:105:23:40:25.4173750,2009:105:23:40:52.1713749,ASN - Alice Springs  Australia,Day,0,0,182,4,4.772,2.981,3.726,9,N,LPGS_12.8.2,FULL,34.33466977,43.18033646,DE,6.656541,ETM_L1TP,ETM,DEFINITIVE,14541,16541,7271,8271,7271,8271,UTM,55,WGS84,WGS84,15,30,30,LE07CPF_20090401_20090630_01.02,2,34°36'50.26"S,149°47'24.54"E,33°39'36.43"S,148°59'08.74"E,33°57'33.73"S,151°02'47.98"E,35°15'24.34"S,148°30'51.37"E,35°33'43.16"S,150°36'57.02"E,-34.61396,149.79015,-33.66012,148.98576,-33.95937,151.04666,-35.25676,148.51427,-35.56199,150.61584,LE07_L1TP_090084_20090415_20161220_01_T1,LE70900842009105ASN00,https://earthexplorer.usgs.gov/browse-link/12267/LE70900842009105ASN00
LE07_L1TP_090084_20090330_20161220_01_T1,LE70900842009089ASN00,2009/03/30,LANDSAT_7,OFF,T1,1,BUMPER, 090, 084,2016/12/20,2009:089:23:40:20.2762500,2009:089:23:40:47.0302500,ASN - Alice Springs  Australia,Day,79,79,20,4,3.954,2.223,3.27,9,N,LPGS_12.8.2,FULL,38.47251211,48.70352745,DE,-3.952494,ETM_L1TP,ETM,DEFINITIVE,14521,16541,7261,8271,7261,8271,UTM,55,WGS84,WGS84,15,30,30,LE07CPF_20090101_20090331_01.02,2,34°36'49.97"S,149°48'01.01"E,33°39'35.71"S,148°59'47.47"E,33°57'32.69"S,151°03'23.58"E,35°15'26.10"S,148°31'28.06"E,35°33'44.82"S,150°37'30.72"E,-34.61388,149.80028,-33.65992,148.99652,-33.95908,151.05655,-35.25725,148.52446,-35.56245,150.6252,LE07_L1TP_090084_20090330_20161220_01_T1,LE70900842009089ASN00,https://earthexplorer.usgs.gov/browse-link/12267/LE70900842009089ASN00
LE07_L1TP_090084_20090314_20161222_01_T1,LE70900842009073ASN00,2009/03/14,LANDSAT_7,OFF,T1,1,BUMPER, 090, 084,2016/12/22,2009:073:23:40:13.6722499,2009:073:23:40:40.4263125,ASN - Alice Springs  Australia,Day,2,2,173,4,4.066,2.575,3.147,9,N,LPGS_12.8.2,FULL,42.49052231,55.27095491,DE,-7.649179,ETM_L1TP,ETM,DEFINITIVE,14561,16541,7281,8271,7281,8271,UTM,55,WGS84,WGS84,15,30,30,LE07CPF_20090101_20090331_01.02,2,34°36'49.57"S,149°48'46.15"E,33°39'28.91"S,149°00'37.08"E,33°57'25.38"S,151°04'10.09"E,35°15'19.76"S,148°32'16.22"E,35°33'38.20"S,150°38'15.58"E,-34.61377,149.81282,-33.65803,149.0103,-33.95705,151.06947,-35.25549,148.53784,-35.56061,150.63766,LE07_L1TP_090084_20090314_20161222_01_T1,LE70900842009073ASN00,https://earthexplorer.usgs.gov/browse-link/12267/LE70900842009073ASN00
LE07_L1TP_090084_20090226_20161222_01_T1,LE70900842009057ASN00,2009/02/26,LANDSAT_7,OFF,T1,1,BUMPER, 090, 084,2016/12/22,2009:057:23:40:05.7003750,2009:057:23:40:32.4543750,ASN - Alice Springs  Australia,Day,27,28,69,4,4.421,3.218,3.031,9,N,LPGS_12.8.2,FULL,46.20219558,62.35415194,DE,-1.105023,ETM_L1TP,ETM,DEFINITIVE,14561,16521,7281,8261,7281,8261,UTM,55,WGS84,WGS84,15,30,30,LE07CPF_20090101_20090331_01.02,2,34°36'48.35"S,149°49'29.60"E,33°39'27.43"S,149°01'18.73"E,33°57'24.59"S,151°04'50.74"E,35°15'18.29"S,148°32'58.92"E,35°33'37.12"S,150°38'57.23"E,-34.61343,149.82489,-33.65762,149.02187,-33.95683,151.08076,-35.25508,148.5497,-35.56031,150.64923,LE07_L1TP_090084_20090226_20161222_01_T1,LE70900842009057ASN00,https://earthexplorer.usgs.gov/browse-link/12267/LE70900842009057ASN00
LE07_L1TP_090084_20090210_20161223_01_T1,LE70900842009041ASN00,2009/02/10,LANDSAT_7,OFF,T1,1,BUMPER, 090, 084,2016/12/23,2009:041:23:39:56.3399999,2009:041:23:40:23.0939375,ASN - Alice Springs  Australia,Day,71,71,22,4,4.26,3.697,2.117,9,N,LPGS_12.8.2,FULL,49.56285045,69.20291179,DE,2.150935,ETM_L1TP,ETM,DEFINITIVE,14581,16521,7291,8261,7291,8261,UTM,55,WGS84,WGS84,15,30,30,LE07CPF_20090101_20090331_01.02,2,34°36'45.61"S,149°50'15.43"E,33°39'32.87"S,149°02'02.94"E,33°57'30.49"S,151°05'36.85"E,35°15'21.96"S,148°33'41.80"E,35°33'41.51"S,150°39'41.83"E,-34.61267,149.83762,-33.65913,149.03415,-33.95847,151.09357,-35.2561,148.56161,-35.56153,150.66162,LE07_L1TP_090084_20090210_20161223_01_T1,LE70900842009041ASN00,https://earthexplorer.usgs.gov/browse-link/12267/LE70900842009041ASN00
LE07_L1TP_090084_20090125_20161222_01_T1,LE70900842009025ASN00,2009/01/25,LANDSAT_7,OFF,T1,1,BUMPER, 090, 084,2016/12/22,2009:025:23:39:49.6209375,2009:025:23:40:16.3748750,ASN - Alice Springs  Australia,Day,21,22,55,4,5.108,2.932,4.183,9,N,LPGS_12.8.2,FULL,52.58476882,74.93667224,DE,-11.52806,ETM_L1TP,ETM,DEFINITIVE,14501,16561,7251,8281,7251,8281,UTM,55,WGS84,WGS84,15,30,30,LE07CPF_20090101_20090331_01.02,2,34°36'45.50"S,149°49'57.11"E,33°39'26.60"S,149°01'44.98"E,33°57'25.49"S,151°05'21.19"E,35°15'15.52"S,148°33'23.58"E,35°33'35.82"S,150°39'26.03"E,-34.61264,149.83253,-33.65739,149.02916,-33.95708,151.08922,-35.25431,148.55655,-35.55995,150.65723,LE07_L1TP_090084_20090125_20161222_01_T1,LE70900842009025ASN00,https://earthexplorer.usgs.gov/browse-link/12267/LE70900842009025ASN00
LE07_L1TP_090084_20090109_20161223_01_T1,LE70900842009009ASN00,2009/01/09,LANDSAT_7,OFF,T1,1,BUMPER, 090, 084,2016/12/23,2009:009:23:39:44.8114374,2009:009:23:40:11.5653749,ASN - Alice Springs  Australia,Day,31,33,27,4,6.119,4.95,3.598,9,N,LPGS_12.8.2,FULL,55.25192576,78.6094824,DE,1.777705,ETM_L1TP,ETM,DEFINITIVE,14521,16541,7261,8271,7261,8271,UTM,55,WGS84,WGS84,15,30,30,LE07CPF_20090101_20090331_01.02,2,34°36'44.82"S,149°48'56.05"E,33°39'34.42"S,149°00'38.02"E,33°57'34.02"S,151°04'16.68"E,35°15'24.19"S,148°32'18.71"E,35°33'45.07"S,150°38'23.78"E,-34.61245,149.81557,-33.65956,149.01056,-33.95945,151.0713,-35.25672,148.53853,-35.56252,150.63994,LE07_L1TP_090084_20090109_20161223_01_T1,LE70900842009009ASN00,https://earthexplorer.usgs.gov/browse-link/12267/LE70900842009009ASN00
LE07_L1TP_090084_20081224_20161223_01_T1,LE70900842008359ASN00,2008/12/24,LANDSAT_7,OFF,T1,1,, 090, 084,2016/12/23,2008:359:23:39:39.0382500,2008:359:23:40:05.7921249,ASN - Alice Springs  Australia,Day,19,19,68,4,4.435,3.266,3,9,N,LPGS_12.8.2,FULL,57.28765256,79.56659377,DE,-8.449119,ETM_L1TP,ETM,DEFINITIVE,14561,16541,7281,8271,7281,8271,UTM,55,WGS84,WGS84,15,30,30,LE07CPF_20081001_20081231_01.02,2,34°35'02.04"S,149°39'13.32"E,33°37'39.00"S,148°51'04.68"E,33°55'44.40"S,150°54'39.60"E,35°13'26.40"S,148°22'37.56"E,35°31'53.40"S,150°28'38.28"E,-34.5839,149.6537,-33.6275,148.8513,-33.929,150.911,-35.224,148.3771,-35.5315,150.4773,LE07_L1TP_090084_20081224_20161223_01_T1,LE70900842008359ASN00,https://earthexplorer.usgs.gov/browse-link/12267/LE70900842008359ASN00
LE07_L1TP_090084_20081208_20161223_01_T1,LE70900842008343ASN00,2008/12/08,LANDSAT_7,OFF,T1,1,, 090, 084,2016/12/23,2008:343:23:39:30.3898125,2008:343:23:39:57.1437500,ASN - Alice Springs  Australia,Day,7,8,125,4,4.706,3.206,3.445,9,N,LPGS_12.8.2,FULL,58.54369898,77.08121435,DE,-10.742967,ETM_L1TP,ETM,DEFINITIVE,14581,16521,7291,8261,7291,8261,UTM,55,WGS84,WGS84,15,30,30,LE07CPF_20081001_20081231_01.02,2,34°34'23.52"S,149°39'03.24"E,33°37'01.56"S,148°50'54.24"E,33°55'05.52"S,150°54'25.92"E,35°12'50.40"S,148°22'29.28"E,35°31'16.32"S,150°28'27.12"E,-34.5732,149.6509,-33.6171,148.8484,-33.9182,150.9072,-35.214,148.3748,-35.5212,150.4742,LE07_L1TP_090084_20081208_20161223_01_T1,LE70900842008343ASN00,https://earthexplorer.usgs.gov/browse-link/12267/LE70900842008343ASN00
LE07_L1GT_090084_20081122_20161224_01_T2,LE70900842008327ASN00,2008/11/22,LANDSAT_7,OFF,T2,1,, 090, 084,2016/12/24,2008:327:23:39:19.7179999,2008:327:23:39:46.4720000,ASN - Alice Springs  Australia,Day,90,90,-1,-1,,,,9,N,LPGS_12.8.2,FULL,58.4067295,71.73416767,DE,-5.591988,ETM_L1GT,ETM,DEFINITIVE,14501,16541,7251,8271,7251,8271,UTM,55,WGS84,WGS84,15,30,30,LE07CPF_20081001_20081231_01.02,2,34°33'56.88"S,149°39'17.28"E,33°36'42.48"S,148°51'09.72"E,33°54'44.64"S,150°54'38.16"E,35°12'32.04"S,148°22'42.96"E,35°30'56.16"S,150°28'37.56"E,-34.5658,149.6548,-33.6118,148.8527,-33.9124,150.9106,-35.2089,148.3786,-35.5156,150.4771,LE07_L1GT_090084_20081122_20161224_01_T2,LE70900842008327ASN00,https://earthexplorer.usgs.gov/browse-link/12267/LE70900842008327ASN00
LE07_L1TP_090084_20081106_20161224_01_T1,LE70900842008311ASN00,2008/11/06,LANDSAT_7,OFF,T1,1,, 090, 084,2016/12/24,2008:311:23:39:06.8488125,2008:311:23:39:33.6028125,ASN - Alice Springs  Australia,Day,100,100,61,4,4.738,3.181,3.512,9,N,LPGS_12.8.2,FULL,56.49385554,65.01138288,DE,-9.807155,ETM_L1TP,ETM,DEFINITIVE,14561,16521,7281,8261,7281,8261,UTM,55,WGS84,WGS84,15,30,30,LE07CPF_20081001_20081231_01.02,2,34°33'42.48"S,149°39'56.52"E,33°36'17.64"S,148°51'50.40"E,33°54'18.00"S,150°55'17.40"E,35°12'09.36"S,148°23'30.84"E,35°30'31.32"S,150°29'23.64"E,-34.5618,149.6657,-33.6049,148.864,-33.905,150.9215,-35.2026,148.3919,-35.5087,150.4899,LE07_L1TP_090084_20081106_20161224_01_T1,LE70900842008311ASN00,https://earthexplorer.usgs.gov/browse-link/12267/LE70900842008311ASN00
LE07_L1TP_090084_20081021_20161224_01_T1,LE70900842008295ASN00,2008/10/21,LANDSAT_7,OFF,T1,1,, 090, 084,2016/12/24,2008:295:23:38:51.8649374,2008:295:23:39:18.6189374,ASN - Alice Springs  Australia,Day,49,49,30,4,5.296,3.433,4.032,9,N,LPGS_12.8.2,FULL,52.84375791,58.53660091,DE,4.607303,ETM_L1TP,ETM,DEFINITIVE,14501,16541,7251,8271,7251,8271,UTM,55,WGS84,WGS84,15,30,30,LE07CPF_20081001_20081231_01.02,2,34°33'41.04"S,149°40'57.36"E,33°36'24.84"S,148°52'49.80"E,33°54'24.12"S,150°56'18.24"E,35°12'13.68"S,148°24'27.72"E,35°30'34.20"S,150°30'21.96"E,-34.5614,149.6826,-33.6069,148.8805,-33.9067,150.9384,-35.2038,148.4077,-35.5095,150.5061,LE07_L1TP_090084_20081021_20161224_01_T1,LE70900842008295ASN00,https://earthexplorer.usgs.gov/browse-link/12267/LE70900842008295ASN00
LE07_L1TP_090084_20081005_20161224_01_T1,LE70900842008279ASN00,2008/10/05,LANDSAT_7,OFF,T1,1,, 090, 084,2016/12/24,2008:279:23:38:46.1123750,2008:279:23:39:12.8664374,ASN - Alice Springs  Australia,Day,59,58,56,4,3.961,2.784,2.818,9,N,LPGS_12.8.2,FULL,47.91359007,53.15049722,DE,.56722,ETM_L1TP,ETM,DEFINITIVE,14541,16521,7271,8261,7271,8261,UTM,55,WGS84,WGS84,15,30,30,LE07CPF_20081001_20081231_01.02,2,34°34'16.32"S,149°42'37.08"E,33°37'10.56"S,148°54'21.96"E,33°55'00.12"S,150°57'52.20"E,35°12'58.32"S,148°26'09.96"E,35°31'09.48"S,150°32'06.36"E,-34.5712,149.7103,-33.6196,148.9061,-33.9167,150.9645,-35.2162,148.4361,-35.5193,150.5351,LE07_L1TP_090084_20081005_20161224_01_T1,LE70900842008279ASN00,https://earthexplorer.usgs.gov/browse-link/12267/LE70900842008279ASN00
LE07_L1TP_090084_20080919_20161224_01_T1,LE70900842008263ASN00,2008/09/19,LANDSAT_7,OFF,T1,1,, 090, 084,2016/12/24,2008:263:23:38:56.2795000,2008:263:23:39:23.0335000,ASN - Alice Springs  Australia,Day,3,3,194,4,4.383,3.066,3.132,9,N,LPGS_12.8.2,FULL,42.33052192,48.88215584,DE,-1.175622,ETM_L1TP,ETM,DEFINITIVE,14481,16541,7241,8271,7241,8271,UTM,55,WGS84,WGS84,15,30,30,LE07CPF_20080701_20080930_01.02,2,34°34'40.80"S,149°43'35.76"E,33°37'28.20"S,148°55'21.00"E,33°55'17.04"S,150°58'54.48"E,35°13'18.12"S,148°27'08.28"E,35°31'28.20"S,150°33'07.92"E,-34.578,149.7266,-33.6245,148.9225,-33.9214,150.9818,-35.2217,148.4523,-35.5245,150.5522,LE07_L1TP_090084_20080919_20161224_01_T1,LE70900842008263ASN00,https://earthexplorer.usgs.gov/browse-link/12267/LE70900842008263ASN00
LE07_L1GT_090084_20080903_20161225_01_T2,LE70900842008247ASA00,2008/09/03,LANDSAT_7,OFF,T2,1,BUMPER, 090, 084,2016/12/25,2008:247:23:39:05.0848125,2008:247:23:39:31.8388749,ASA - Alice Springs  Austrailia,Day,93,93,-1,-1,,,,9,N,LPGS_12.8.2,FULL,36.69156981,45.38143243,DE,14.808234,ETM_L1GT,ETM,DEFINITIVE,14561,16521,7281,8261,7281,8261,UTM,55,WGS84,WGS84,15,30,30,LE07CPF_20080701_20080930_01.02,2,34°37'01.24"S,149°49'41.84"E,33°39'49.82"S,149°01'24.10"E,33°57'43.67"S,151°05'03.26"E,35°15'39.82"S,148°33'07.92"E,35°33'55.04"S,150°39'13.54"E,-34.61701,149.82829,-33.66384,149.02336,-33.96213,151.08424,-35.26106,148.5522,-35.56529,150.65376,LE07_L1GT_090084_20080903_20161225_01_T2,LE70900842008247ASA00,https://earthexplorer.usgs.gov/browse-link/12267/LE70900842008247ASA00
LE07_L1TP_090084_20080818_20161225_01_T1,LE70900842008231ASN00,2008/08/18,LANDSAT_7,OFF,T1,1,, 090, 084,2016/12/25,2008:231:23:39:12.5801874,2008:231:23:39:39.3342499,ASN - Alice Springs  Australia,Day,27,26,179,4,4.339,3.137,2.998,9,N,LPGS_12.8.2,FULL,31.46673319,42.61569435,DE,-12.039925,ETM_L1TP,ETM,DEFINITIVE,14561,16521,7281,8261,7281,8261,UTM,55,WGS84,WGS84,15,30,30,LE07CPF_20080701_20080930_01.02,2,34°35'58.20"S,149°45'16.92"E,33°38'50.64"S,148°56'54.24"E,33°56'38.40"S,151°00'34.56"E,35°14'40.56"S,148°28'46.56"E,35°32'50.28"S,150°34'53.40"E,-34.5995,149.7547,-33.6474,148.9484,-33.944,151.0096,-35.2446,148.4796,-35.5473,150.5815,LE07_L1TP_090084_20080818_20161225_01_T1,LE70900842008231ASN00,https://earthexplorer.usgs.gov/browse-link/12267/LE70900842008231ASN00
LE07_L1TP_090084_20080802_20161225_01_T1,LE70900842008215ASN00,2008/08/02,LANDSAT_7,OFF,T1,1,, 090, 084,2016/12/25,2008:215:23:39:18.7808125,2008:215:23:39:45.5348125,ASN - Alice Springs  Australia,Day,18,18,173,4,4.526,3.179,3.221,9,N,LPGS_12.8.2,FULL,27.21790191,40.09555447,DE,-.679429,ETM_L1TP,ETM,DEFINITIVE,14561,16521,7281,8261,7281,8261,UTM,55,WGS84,WGS84,15,30,30,LE07CPF_20080701_20080930_01.02,2,34°36'46.08"S,149°46'00.12"E,33°39'31.68"S,148°57'39.60"E,33°57'19.08"S,151°01'19.56"E,35°15'23.76"S,148°29'31.20"E,35°33'33.12"S,150°35'37.68"E,-34.6128,149.7667,-33.6588,148.961,-33.9553,151.0221,-35.2566,148.492,-35.5592,150.5938,LE07_L1TP_090084_20080802_20161225_01_T1,LE70900842008215ASN00,https://earthexplorer.usgs.gov/browse-link/12267/LE70900842008215ASN00
LE07_L1TP_090084_20080717_20161225_01_T1,LE70900842008199ASN00,2008/07/17,LANDSAT_7,OFF,T1,1,, 090, 084,2016/12/25,2008:199:23:39:26.2300000,2008:199:23:39:52.9840000,ASN - Alice Springs  Australia,Day,39,38,126,4,4.81,3.498,3.301,9,N,LPGS_12.8.2,FULL,24.26335191,37.92121294,DE,14.739573,ETM_L1TP,ETM,DEFINITIVE,14521,16521,7261,8261,7261,8261,UTM,55,WGS84,WGS84,15,30,30,LE07CPF_20080701_20080930_01.02,2,34°37'31.80"S,149°45'58.32"E,33°40'22.08"S,148°57'39.96"E,33°58'09.84"S,151°01'18.12"E,35°16'13.44"S,148°29'34.08"E,35°34'22.44"S,150°35'38.76"E,-34.6255,149.7662,-33.6728,148.9611,-33.9694,151.0217,-35.2704,148.4928,-35.5729,150.5941,LE07_L1TP_090084_20080717_20161225_01_T1,LE70900842008199ASN00,https://earthexplorer.usgs.gov/browse-link/12267/LE70900842008199ASN00
LE07_L1TP_090084_20080701_20161228_01_T1,LE70900842008183ASN00,2008/07/01,LANDSAT_7,OFF,T1,1,, 090, 084,2016/12/28,2008:183:23:39:37.9970625,2008:183:23:40:04.7509375,ASN - Alice Springs  Australia,Day,67,65,99,4,4.432,3.231,3.033,9,N,LPGS_12.8.2,FULL,22.8259916,36.2396416,DE,-13.415393,ETM_L1TP,ETM,DEFINITIVE,14561,16521,7281,8261,7281,8261,UTM,55,WGS84,WGS84,15,30,30,LE07CPF_20080701_20080930_01.02,2,34°38'18.24"S,149°44'44.88"E,33°41'07.80"S,148°56'25.80"E,33°58'55.92"S,151°00'02.16"E,35°16'59.52"S,148°28'14.16"E,35°35'08.88"S,150°34'17.40"E,-34.6384,149.7458,-33.6855,148.9405,-33.9822,151.0006,-35.2832,148.4706,-35.5858,150.5715,LE07_L1TP_090084_20080701_20161228_01_T1,LE70900842008183ASN00,https://earthexplorer.usgs.gov/browse-link/12267/LE70900842008183ASN00
LE07_L1GT_090084_20080615_20161228_01_T2,LE70900842008167ASN00,2008/06/15,LANDSAT_7,OFF,T2,1,, 090, 084,2016/12/28,2008:167:23:39:48.4135000,2008:167:23:40:15.1676250,ASN - Alice Springs  Australia,Day,80,80,-1,-1,,,,9,N,LPGS_12.8.2,FULL,22.95120488,35.32042612,DE,-6.617774,ETM_L1GT,ETM,DEFINITIVE,14481,16521,7241,8261,7241,8261,UTM,55,WGS84,WGS84,15,30,30,LE07CPF_20080401_20080630_01.02,2,34°38'56.76"S,149°43'34.32"E,33°41'47.40"S,148°55'11.28"E,33°59'36.24"S,150°58'48.36"E,35°17'39.84"S,148°27'00.36"E,35°35'49.92"S,150°33'04.68"E,-34.6491,149.7262,-33.6965,148.9198,-33.9934,150.9801,-35.2944,148.4501,-35.5972,150.5513,LE07_L1GT_090084_20080615_20161228_01_T2,LE70900842008167ASN00,https://earthexplorer.usgs.gov/browse-link/12267/LE70900842008167ASN00
LE07_L1TP_090084_20080530_20161229_01_T1,LE70900842008151ASN00,2008/05/30,LANDSAT_7,OFF,T1,1,, 090, 084,2016/12/29,2008:151:23:39:57.2272499,2008:151:23:40:23.9812499,ASN - Alice Springs  Australia,Day,7,7,135,4,4.852,3.484,3.377,9,N,LPGS_12.8.2,FULL,24.5271744,35.44728536,DE,-12.58556,ETM_L1TP,ETM,DEFINITIVE,14481,16521,7241,8261,7241,8261,UTM,55,WGS84,WGS84,15,30,30,LE07CPF_20080401_20080630_01.02,2,34°39'24.84"S,149°42'33.12"E,33°42'16.92"S,148°54'13.68"E,34°00'07.92"S,150°57'54.00"E,35°18'07.56"S,148°26'01.68"E,35°36'19.80"S,150°32'08.52"E,-34.6569,149.7092,-33.7047,148.9038,-34.0022,150.965,-35.3021,148.4338,-35.6055,150.5357,LE07_L1TP_090084_20080530_20161229_01_T1,LE70900842008151ASN00,https://earthexplorer.usgs.gov/browse-link/12267/LE70900842008151ASN00
LE07_L1TP_090084_20080514_20161229_01_T1,LE70900842008135ASN00,2008/05/14,LANDSAT_7,OFF,T1,1,, 090, 084,2016/12/29,2008:135:23:40:04.2005000,2008:135:23:40:30.9545000,ASN - Alice Springs  Australia,Day,2,2,177,4,4.659,3.228,3.36,9,N,LPGS_12.8.2,FULL,27.28631408,36.88571752,DE,-7.33854,ETM_L1TP,ETM,DEFINITIVE,14501,16521,7251,8261,7251,8261,UTM,55,WGS84,WGS84,15,30,30,LE07CPF_20080401_20080630_01.02,2,34°39'44.28"S,149°41'58.92"E,33°42'28.08"S,148°53'38.04"E,34°00'20.88"S,150°57'21.24"E,35°18'18.72"S,148°25'22.44"E,35°36'33.12"S,150°31'32.16"E,-34.6623,149.6997,-33.7078,148.8939,-34.0058,150.9559,-35.3052,148.4229,-35.6092,150.5256,LE07_L1TP_090084_20080514_20161229_01_T1,LE70900842008135ASN00,https://earthexplorer.usgs.gov/browse-link/12267/LE70900842008135ASN00
LE07_L1TP_090084_20080428_20161229_01_T1,LE70900842008119ASA00,2008/04/28,LANDSAT_7,OFF,T1,1,BUMPER, 090, 084,2016/12/29,2008:119:23:40:09.3302500,2008:119:23:40:36.0842499,ASA - Alice Springs  Austrailia,Day,2,1,182,4,4.583,3.181,3.299,9,N,LPGS_12.8.2,FULL,30.97531794,39.6978714,DE,9.872701,ETM_L1TP,ETM,DEFINITIVE,14541,16521,7271,8261,7271,8261,UTM,55,WGS84,WGS84,15,30,30,LE07CPF_20080401_20080630_01.02,2,34°36'57.67"S,149°48'09.79"E,33°39'42.70"S,148°59'56.26"E,33°57'37.66"S,151°03'36.86"E,35°15'30.71"S,148°31'36.08"E,35°33'47.16"S,150°37'43.14"E,-34.61602,149.80272,-33.66186,148.99896,-33.96046,151.06024,-35.25853,148.52669,-35.5631,150.62865,LE07_L1TP_090084_20080428_20161229_01_T1,LE70900842008119ASA00,https://earthexplorer.usgs.gov/browse-link/12267/LE70900842008119ASA00
LE07_L1TP_090084_20080412_20161229_01_T1,LE70900842008103ASN00,2008/04/12,LANDSAT_7,OFF,T1,1,, 090, 084,2016/12/29,2008:103:23:40:12.3704375,2008:103:23:40:39.1244999,ASN - Alice Springs  Australia,Day,71,71,28,4,5.219,3.033,4.247,9,N,LPGS_12.8.2,FULL,34.92195709,44.16819052,DE,12.788644,ETM_L1TP,ETM,DEFINITIVE,14541,16521,7271,8261,7271,8261,UTM,55,WGS84,WGS84,15,30,30,LE07CPF_20080401_20080630_01.02,2,34°39'40.32"S,149°41'37.68"E,33°42'25.20"S,148°53'19.68"E,34°00'21.96"S,150°57'02.52"E,35°18'16.20"S,148°25'00.84"E,35°36'34.56"S,150°31'10.56"E,-34.6612,149.6938,-33.707,148.8888,-34.0061,150.9507,-35.3045,148.4169,-35.6096,150.5196,LE07_L1TP_090084_20080412_20161229_01_T1,LE70900842008103ASN00,https://earthexplorer.usgs.gov/browse-link/12267/LE70900842008103ASN00
LE07_L1TP_090084_20080327_20161230_01_T1,LE70900842008087ASN00,2008/03/27,LANDSAT_7,OFF,T1,1,, 090, 084,2016/12/30,2008:087:23:40:13.4390624,2008:087:23:40:40.1931250,ASN - Alice Springs  Australia,Day,44,45,30,4,4.168,3,2.893,9,N,LPGS_12.8.2,FULL,39.07121111,49.8760438,DE,.091216,ETM_L1TP,ETM,DEFINITIVE,14501,16521,7251,8261,7251,8261,UTM,55,WGS84,WGS84,15,30,30,LE07CPF_20080301_20080331_01.02,2,34°39'20.16"S,149°41'55.68"E,33°42'08.64"S,148°53'41.28"E,34°00'06.84"S,150°57'20.52"E,35°17'57.48"S,148°25'17.76"E,35°36'17.28"S,150°31'23.88"E,-34.6556,149.6988,-33.7024,148.8948,-34.0019,150.9557,-35.2993,148.4216,-35.6048,150.5233,LE07_L1TP_090084_20080327_20161230_01_T1,LE70900842008087ASN00,https://earthexplorer.usgs.gov/browse-link/12267/LE70900842008087ASN00
LE07_L1TP_090084_20080311_20161230_01_T1,LE70900842008071ASN00,2008/03/11,LANDSAT_7,OFF,T1,1,, 090, 084,2016/12/30,2008:071:23:40:12.2293750,2008:071:23:40:38.9834374,ASN - Alice Springs  Australia,Day,10,11,107,4,4.772,3.002,3.709,9,N,LPGS_12.8.2,FULL,43.05388645,56.55862706,DE,-3.384859,ETM_L1TP,ETM,DEFINITIVE,14541,16521,7271,8261,7271,8261,UTM,55,WGS84,WGS84,15,30,30,LE07CPF_20080301_20080331_01.02,2,34°38'48.84"S,149°42'33.48"E,33°41'35.16"S,148°54'20.52"E,33°59'34.44"S,150°57'55.80"E,35°17'24.36"S,148°25'56.28"E,35°35'45.60"S,150°31'58.08"E,-34.6469,149.7093,-33.6931,148.9057,-33.9929,150.9655,-35.2901,148.4323,-35.596,150.5328,LE07_L1TP_090084_20080311_20161230_01_T1,LE70900842008071ASN00,https://earthexplorer.usgs.gov/browse-link/12267/LE70900842008071ASN00
LE07_L1TP_090084_20080224_20161230_01_T1,LE70900842008055ASA00,2008/02/24,LANDSAT_7,OFF,T1,1,BUMPER, 090, 084,2016/12/30,2008:055:23:40:18.2270625,2008:055:23:40:44.9810624,ASA - Alice Springs  Austrailia,Day,51,53,40,4,4.407,2.821,3.386,9,N,LPGS_12.8.2,FULL,46.84162153,63.52438636,DE,-7.435589,ETM_L1TP,ETM,DEFINITIVE,14561,16501,7281,8251,7281,8251,UTM,55,WGS84,WGS84,15,30,30,LE07CPF_20080101_20080229_01.02,2,34°36'55.73"S,149°49'19.92"E,33°39'38.12"S,149°01'07.03"E,33°57'32.94"S,151°04'38.89"E,35°15'26.78"S,148°32'50.03"E,35°33'43.34"S,150°38'48.16"E,-34.61548,149.8222,-33.66059,149.01862,-33.95915,151.07747,-35.25744,148.54723,-35.56204,150.64671,LE07_L1TP_090084_20080224_20161230_01_T1,LE70900842008055ASA00,https://earthexplorer.usgs.gov/browse-link/12267/LE70900842008055ASA00
LE07_L1GT_090084_20080208_20161230_01_T2,LE70900842008039ASN00,2008/02/08,LANDSAT_7,OFF,T2,1,, 090, 084,2016/12/30,2008:039:23:40:22.6672499,2008:039:23:40:49.4211875,ASN - Alice Springs  Australia,Day,89,89,-1,-1,,,,9,N,LPGS_12.8.2,FULL,50.05710446,70.33814993,DE,.247942,ETM_L1GT,ETM,DEFINITIVE,14501,16521,7251,8261,7251,8261,UTM,55,WGS84,WGS84,15,30,30,LE07CPF_20080101_20080229_01.02,2,34°37'23.52"S,149°39'55.80"E,33°40'02.28"S,148°51'46.08"E,33°58'03.72"S,150°55'19.20"E,35°15'51.84"S,148°23'20.04"E,35°34'15.60"S,150°29'19.32"E,-34.6232,149.6655,-33.6673,148.8628,-33.9677,150.922,-35.2644,148.3889,-35.571,150.4887,LE07_L1GT_090084_20080208_20161230_01_T2,LE70900842008039ASN00,https://earthexplorer.usgs.gov/browse-link/12267/LE70900842008039ASN00
LE07_L1TP_090084_20080123_20161230_01_T1,LE70900842008023ASN00,2008/01/23,LANDSAT_7,OFF,T1,1,, 090, 084,2016/12/30,2008:023:23:40:25.2156875,2008:023:23:40:51.9696249,ASN - Alice Springs  Australia,Day,4,5,118,4,5.539,4.171,3.644,9,N,LPGS_12.8.2,FULL,53.04772047,75.77153895,DE,13.327085,ETM_L1TP,ETM,DEFINITIVE,14561,16521,7281,8261,7281,8261,UTM,55,WGS84,WGS84,15,30,30,LE07CPF_20080101_20080229_01.02,2,34°36'36.36"S,149°38'57.48"E,33°39'11.88"S,148°50'50.28"E,33°57'14.76"S,150°54'25.20"E,35°15'00.36"S,148°22'24.96"E,35°33'24.48"S,150°28'26.04"E,-34.6101,149.6493,-33.6533,148.8473,-33.9541,150.907,-35.2501,148.3736,-35.5568,150.4739,LE07_L1TP_090084_20080123_20161230_01_T1,LE70900842008023ASN00,https://earthexplorer.usgs.gov/browse-link/12267/LE70900842008023ASN00
LE07_L1TP_090084_20080107_20161231_01_T1,LE70900842008007ASN00,2008/01/07,LANDSAT_7,OFF,T1,1,, 090, 084,2016/12/31,2008:007:23:40:25.9531250,2008:007:23:40:52.7071250,ASN - Alice Springs  Australia,Day,72,72,20,4,4.09,3.169,2.585,9,N,LPGS_12.8.2,FULL,55.66795996,78.99581736,DE,15.678503,ETM_L1TP,ETM,DEFINITIVE,14501,16501,7251,8251,7251,8251,UTM,55,WGS84,WGS84,15,30,30,LE07CPF_20080101_20080229_01.02,2,34°35'51.72"S,149°38'22.92"E,33°38'34.08"S,148°50'10.68"E,33°56'36.96"S,150°53'47.76"E,35°14'23.28"S,148°21'45.00"E,35°32'47.76"S,150°27'47.88"E,-34.5977,149.6397,-33.6428,148.8363,-33.9436,150.8966,-35.2398,148.3625,-35.5466,150.4633,LE07_L1TP_090084_20080107_20161231_01_T1,LE70900842008007ASN00,https://earthexplorer.usgs.gov/browse-link/12267/LE70900842008007ASN00
LE07_L1TP_090084_20071222_20161231_01_T1,LE70900842007356ASN00,2007/12/22,LANDSAT_7,OFF,T1,1,, 090, 084,2016/12/31,2007:356:23:40:24.4397500,2007:356:23:40:51.1937500,ASN - Alice Springs  Australia,Day,23,23,71,4,7.597,5.016,5.705,9,N,LPGS_12.8.2,FULL,57.71907166,79.22506207,DE,9.603826,ETM_L1TP,ETM,DEFINITIVE,14501,16521,7251,8261,7251,8261,UTM,55,WGS84,WGS84,15,30,30,LE07CPF_20071001_20071231_01.02,2,34°35'12.12"S,149°38'13.56"E,33°37'57.72"S,148°50'02.04"E,33°56'00.24"S,150°53'38.04"E,35°13'46.92"S,148°21'36.72"E,35°32'11.04"S,150°27'38.88"E,-34.5867,149.6371,-33.6327,148.8339,-33.9334,150.8939,-35.2297,148.3602,-35.5364,150.4608,LE07_L1TP_090084_20071222_20161231_01_T1,LE70900842007356ASN00,https://earthexplorer.usgs.gov/browse-link/12267/LE70900842007356ASN00
LE07_L1TP_090084_20071206_20161231_01_T1,LE70900842007340ASN00,2007/12/06,LANDSAT_7,OFF,T1,1,, 090, 084,2016/12/31,2007:340:23:40:20.5731250,2007:340:23:40:47.3270624,ASN - Alice Springs  Australia,Day,60,60,48,4,4.825,3.306,3.515,9,N,LPGS_12.8.2,FULL,58.79653527,76.14372139,DE,2.009981,ETM_L1TP,ETM,DEFINITIVE,14541,16521,7271,8261,7271,8261,UTM,55,WGS84,WGS84,15,30,30,LE07CPF_20071001_20071231_01.02,2,34°34'39.72"S,149°38'32.64"E,33°37'17.76"S,148°50'22.56"E,33°55'19.20"S,150°53'54.96"E,35°13'05.88"S,148°22'00.12"E,35°31'28.92"S,150°27'58.68"E,-34.5777,149.6424,-33.6216,148.8396,-33.922,150.8986,-35.2183,148.3667,-35.5247,150.4663,LE07_L1TP_090084_20071206_20161231_01_T1,LE70900842007340ASN00,https://earthexplorer.usgs.gov/browse-link/12267/LE70900842007340ASN00
LE07_L1TP_090084_20071120_20170101_01_T1,LE70900842007324ASN00,2007/11/20,LANDSAT_7,OFF,T1,1,, 090, 084,2017/01/01,2007:324:23:40:14.3945624,2007:324:23:40:41.1485624,ASN - Alice Springs  Australia,Day,2,2,117,4,4.679,3.175,3.437,9,N,LPGS_12.8.2,FULL,58.38411159,70.38709995,DE,-13.426937,ETM_L1TP,ETM,DEFINITIVE,14501,16521,7251,8261,7251,8261,UTM,55,WGS84,WGS84,15,30,30,LE07CPF_20071001_20071231_01.02,2,34°34'17.40"S,149°39'18.72"E,33°36'58.32"S,148°51'09.72"E,33°54'57.96"S,150°54'38.88"E,35°12'48.60"S,148°22'49.44"E,35°31'10.20"S,150°28'44.76"E,-34.5715,149.6552,-33.6162,148.8527,-33.9161,150.9108,-35.2135,148.3804,-35.5195,150.4791,LE07_L1TP_090084_20071120_20170101_01_T1,LE70900842007324ASN00,https://earthexplorer.usgs.gov/browse-link/12267/LE70900842007324ASN00
LE07_L1TP_090084_20071104_20170101_01_T1,LE70900842007308ASN00,2007/11/04,LANDSAT_7,OFF,T1,1,, 090, 084,2017/01/01,2007:308:23:40:05.8610000,2007:308:23:40:32.6150624,ASN - Alice Springs  Australia,Day,77,77,17,4,4.577,3.302,3.169,9,N,LPGS_12.8.2,FULL,56.17071231,63.53479059,DE,-10.584959,ETM_L1TP,ETM,DEFINITIVE,14501,16501,7251,8251,7251,8251,UTM,55,WGS84,WGS84,15,30,30,LE07CPF_20071001_20071231_01.02,2,34°34'07.32"S,149°40'31.80"E,33°36'51.84"S,148°52'22.80"E,33°54'50.04"S,150°55'50.16"E,35°12'46.44"S,148°24'00.72"E,35°31'06.60"S,150°29'54.24"E,-34.5687,149.6755,-33.6144,148.873,-33.9139,150.9306,-35.2129,148.4002,-35.5185,150.4984,LE07_L1TP_090084_20071104_20170101_01_T1,LE70900842007308ASN00,https://earthexplorer.usgs.gov/browse-link/12267/LE70900842007308ASN00
LE07_L1TP_090084_20071019_20170102_01_T1,LE70900842007292ASN00,2007/10/19,LANDSAT_7,OFF,T1,1,, 090, 084,2017/01/02,2007:292:23:39:55.0914999,2007:292:23:40:21.8455625,ASN - Alice Springs  Australia,Day,1,1,155,4,4.43,3.098,3.166,9,N,LPGS_12.8.2,FULL,52.26122361,57.19877522,DE,3.154593,ETM_L1TP,ETM,DEFINITIVE,14501,16501,7251,8251,7251,8251,UTM,55,WGS84,WGS84,15,30,30,LE07CPF_20071001_20071231_01.02,2,34°34'08.40"S,149°42'03.24"E,33°36'52.20"S,148°53'56.04"E,33°54'49.32"S,150°57'25.20"E,35°12'41.76"S,148°25'34.68"E,35°31'00.48"S,150°31'30.00"E,-34.569,149.7009,-33.6145,148.8989,-33.9137,150.957,-35.2116,148.4263,-35.5168,150.525,LE07_L1TP_090084_20071019_20170102_01_T1,LE70900842007292ASN00,https://earthexplorer.usgs.gov/browse-link/12267/LE70900842007292ASN00
LE07_L1TP_090084_20070917_20170102_01_T1,LE70900842007260ASN00,2007/09/17,LANDSAT_7,OFF,T1,1,, 090, 084,2017/01/02,2007:260:23:39:52.5889375,2007:260:23:40:19.3429999,ASN - Alice Springs  Australia,Day,48,48,43,4,4.396,3.2,3.014,9,N,LPGS_12.8.2,FULL,41.48876298,47.99036512,DE,3.167919,ETM_L1TP,ETM,DEFINITIVE,14501,16521,7251,8261,7251,8261,UTM,55,WGS84,WGS84,15,30,30,LE07CPF_20070701_20070930_01.02,2,34°35'00.96"S,149°44'52.80"E,33°37'49.44"S,148°56'34.44"E,33°55'39.72"S,151°00'09.00"E,35°13'41.16"S,148°28'22.80"E,35°31'52.68"S,150°34'23.52"E,-34.5836,149.748,-33.6304,148.9429,-33.9277,151.0025,-35.2281,148.473,-35.5313,150.5732,LE07_L1TP_090084_20070917_20170102_01_T1,LE70900842007260ASN00,https://earthexplorer.usgs.gov/browse-link/12267/LE70900842007260ASN00
LE07_L1TP_090084_20070901_20170101_01_T1,LE70900842007244ASN00,2007/09/01,LANDSAT_7,OFF,T1,1,, 090, 084,2017/01/01,2007:244:23:39:58.9978125,2007:244:23:40:25.7516875,ASN - Alice Springs  Australia,Day,6,6,137,4,4.281,2.863,3.183,9,N,LPGS_12.8.2,FULL,35.85107335,44.72860726,DE,-7.631468,ETM_L1TP,ETM,DEFINITIVE,14541,16501,7271,8251,7271,8251,UTM,55,WGS84,WGS84,15,30,30,LE07CPF_20070701_20070930_01.02,2,34°35'33.00"S,149°45'18.00"E,33°38'19.68"S,148°56'58.92"E,33°56'09.24"S,151°00'36.72"E,35°14'10.68"S,148°28'49.44"E,35°32'22.20"S,150°34'53.76"E,-34.5925,149.755,-33.6388,148.9497,-33.9359,151.0102,-35.2363,148.4804,-35.5395,150.5816,LE07_L1TP_090084_20070901_20170101_01_T1,LE70900842007244ASN00,https://earthexplorer.usgs.gov/browse-link/12267/LE70900842007244ASN00
LE07_L1TP_090084_20070816_20170102_01_T1,LE70900842007228ASA00,2007/08/16,LANDSAT_7,OFF,T1,1,BUMPER, 090, 084,2017/01/02,2007:228:23:40:06.1738125,2007:228:23:40:32.9276875,ASA - Alice Springs  Austrailia,Day,62,61,77,4,4.675,3.3,3.311,9,N,LPGS_12.8.2,FULL,30.80319062,41.89111143,DE,-11.577543,ETM_L1TP,ETM,DEFINITIVE,14541,16521,7271,8261,7271,8261,UTM,55,WGS84,WGS84,15,30,30,LE07CPF_20070701_20070930_01.02,2,34°36'55.69"S,149°49'24.89"E,33°39'40.97"S,149°01'09.98"E,33°57'36.43"S,151°04'49.76"E,35°15'29.77"S,148°32'52.15"E,35°33'46.69"S,150°38'58.45"E,-34.61547,149.82358,-33.66138,149.01944,-33.96012,151.08049,-35.25827,148.54782,-35.56297,150.64957,LE07_L1TP_090084_20070816_20170102_01_T1,LE70900842007228ASA00,https://earthexplorer.usgs.gov/browse-link/12267/LE70900842007228ASA00
LE07_L1TP_090084_20070731_20170102_01_T1,LE70900842007212ASN00,2007/07/31,LANDSAT_7,OFF,T1,1,, 090, 084,2017/01/02,2007:212:23:40:11.9540625,2007:212:23:40:38.7081249,ASN - Alice Springs  Australia,Day,31,30,141,4,5.906,3.507,4.752,9,N,LPGS_12.8.2,FULL,26.71175622,39.52037736,DE,-10.416662,ETM_L1TP,ETM,DEFINITIVE,14561,16501,7281,8251,7281,8251,UTM,55,WGS84,WGS84,15,30,30,LE07CPF_20070701_20070930_01.02,2,34°36'52.92"S,149°44'53.88"E,33°39'37.80"S,148°56'36.60"E,33°57'26.64"S,151°00'16.20"E,35°15'28.44"S,148°28'26.40"E,35°33'39.24"S,150°34'32.52"E,-34.6147,149.7483,-33.6605,148.9435,-33.9574,151.0045,-35.2579,148.474,-35.5609,150.5757,LE07_L1TP_090084_20070731_20170102_01_T1,LE70900842007212ASN00,https://earthexplorer.usgs.gov/browse-link/12267/LE70900842007212ASN00
LE07_L1TP_090084_20070715_20170102_01_T1,LE70900842007196ASN00,2007/07/15,LANDSAT_7,OFF,T1,1,, 090, 084,2017/01/02,2007:196:23:40:16.3253750,2007:196:23:40:43.0794374,ASN - Alice Springs  Australia,Day,59,58,126,4,5.314,3.986,3.514,9,N,LPGS_12.8.2,FULL,23.99594422,37.43689446,DE,1.969262,ETM_L1TP,ETM,DEFINITIVE,14501,16501,7251,8251,7251,8251,UTM,55,WGS84,WGS84,15,30,30,LE07CPF_20070701_20070930_01.02,2,34°37'35.04"S,149°44'43.44"E,33°40'22.08"S,148°56'27.60"E,33°58'11.28"S,151°00'05.40"E,35°16'11.28"S,148°28'14.88"E,35°34'21.72"S,150°34'19.20"E,-34.6264,149.7454,-33.6728,148.941,-33.9698,151.0015,-35.2698,148.4708,-35.5727,150.572,LE07_L1TP_090084_20070715_20170102_01_T1,LE70900842007196ASN00,https://earthexplorer.usgs.gov/browse-link/12267/LE70900842007196ASN00
LE07_L1TP_090084_20070629_20170103_01_T1,LE70900842007180ASA00,2007/06/29,LANDSAT_7,OFF,T1,1,BUMPER, 090, 084,2017/01/03,2007:180:23:40:19.1336249,2007:180:23:40:45.8876249,ASA - Alice Springs  Austrailia,Day,41,42,117,4,4.629,3.133,3.408,9,N,LPGS_12.8.2,FULL,22.87314455,35.82469545,DE,-8.238464,ETM_L1TP,ETM,DEFINITIVE,14561,16501,7281,8251,7281,8251,UTM,55,WGS84,WGS84,15,30,30,LE07CPF_20070401_20070630_01.02,2,34°36'53.89"S,149°49'03.18"E,33°39'35.89"S,149°00'51.41"E,33°57'30.31"S,151°04'25.03"E,35°15'27.18"S,148°32'33.25"E,35°33'43.34"S,150°38'33.22"E,-34.61497,149.81755,-33.65997,149.01428,-33.95842,151.07362,-35.25755,148.54257,-35.56204,150.64256,LE07_L1TP_090084_20070629_20170103_01_T1,LE70900842007180ASA00,https://earthexplorer.usgs.gov/browse-link/12267/LE70900842007180ASA00
LE07_L1TP_090084_20070613_20170102_01_T1,LE70900842007164ASN00,2007/06/13,LANDSAT_7,OFF,T1,1,, 090, 084,2017/01/02,2007:164:23:40:20.3631250,2007:164:23:40:47.1171249,ASN - Alice Springs  Australia,Day,82,82,24,4,4.35,3.369,2.751,9,N,LPGS_12.8.2,FULL,23.20122547,35.12930361,DE,-15.260762,ETM_L1TP,ETM,DEFINITIVE,14561,16481,7281,8241,7281,8241,UTM,55,WGS84,WGS84,15,30,30,LE07CPF_20070401_20070630_01.02,2,34°38'43.44"S,149°44'58.20"E,33°41'36.96"S,148°56'38.76"E,33°59'28.68"S,151°00'15.84"E,35°17'28.32"S,148°28'25.68"E,35°35'41.28"S,150°34'29.28"E,-34.6454,149.7495,-33.6936,148.9441,-33.9913,151.0044,-35.2912,148.4738,-35.5948,150.5748,LE07_L1TP_090084_20070613_20170102_01_T1,LE70900842007164ASN00,https://earthexplorer.usgs.gov/browse-link/12267/LE70900842007164ASN00
LE07_L1TP_090084_20070528_20170103_01_T1,LE70900842007148ASA00,2007/05/28,LANDSAT_7,OFF,T1,1,BUMPER, 090, 084,2017/01/03,2007:148:23:40:20.0087500,2007:148:23:40:46.7628124,ASA - Alice Springs  Austrailia,Day,8,7,183,4,5.506,4.19,3.572,9,N,LPGS_12.8.2,FULL,25.06736297,35.41395369,DE,13.071513,ETM_L1TP,ETM,DEFINITIVE,14501,16501,7251,8251,7251,8251,UTM,55,WGS84,WGS84,15,30,30,LE07CPF_20070401_20070630_01.02,2,34°36'54.18"S,149°50'16.40"E,33°39'42.44"S,149°02'06.68"E,33°57'37.44"S,151°05'42.22"E,35°15'30.96"S,148°33'47.20"E,35°33'47.20"S,150°39'49.03"E,-34.61505,149.83789,-33.66179,149.03519,-33.9604,151.09506,-35.2586,148.56311,-35.56311,150.66362,LE07_L1TP_090084_20070528_20170103_01_T1,LE70900842007148ASA00,https://earthexplorer.usgs.gov/browse-link/12267/LE70900842007148ASA00
LE07_L1TP_090084_20070512_20170103_01_T1,LE70900842007132ASN00,2007/05/12,LANDSAT_7,OFF,T1,1,, 090, 084,2017/01/03,2007:132:23:40:27.5797500,2007:132:23:40:54.3337500,ASN - Alice Springs  Australia,Day,92,92,104,4,4.661,3.445,3.139,9,N,LPGS_12.8.2,FULL,27.92534726,37.16543445,DE,-13.557336,ETM_L1TP,ETM,DEFINITIVE,14561,16501,7281,8251,7281,8251,UTM,55,WGS84,WGS84,15,30,30,LE07CPF_20070401_20070630_01.02,2,34°39'19.08"S,149°43'41.16"E,33°42'06.84"S,148°55'23.52"E,34°00'02.16"S,150°59'05.28"E,35°17'56.76"S,148°27'10.80"E,35°36'13.32"S,150°33'19.08"E,-34.6553,149.7281,-33.7019,148.9232,-34.0006,150.9848,-35.2991,148.453,-35.6037,150.5553,LE07_L1TP_090084_20070512_20170103_01_T1,LE70900842007132ASN00,https://earthexplorer.usgs.gov/browse-link/12267/LE70900842007132ASN00
LE07_L1GT_090084_20070426_20170103_01_T2,LE70900842007116ASA00,2007/04/26,LANDSAT_7,OFF,T2,1,BUMPER, 090, 084,2017/01/03,2007:116:23:40:32.8759375,2007:116:23:40:59.6299999,ASA - Alice Springs  Austrailia,Day,100,100,-1,-1,,,,9,N,LPGS_12.8.2,FULL,31.70085531,40.25540325,DE,6.417426,ETM_L1GT,ETM,DEFINITIVE,14561,16501,7281,8251,7281,8251,UTM,55,WGS84,WGS84,15,30,30,LE07CPF_20070401_20070630_01.02,2,34°36'53.39"S,149°48'17.35"E,33°39'45.94"S,148°59'59.03"E,33°57'41.40"S,151°03'38.92"E,35°15'39.74"S,148°31'41.30"E,35°33'57.10"S,150°37'47.75"E,-34.61483,149.80482,-33.66276,148.99973,-33.9615,151.06081,-35.26104,148.52814,-35.56586,150.62993,LE07_L1GT_090084_20070426_20170103_01_T2,LE70900842007116ASA00,https://earthexplorer.usgs.gov/browse-link/12267/LE70900842007116ASA00
LE07_L1TP_090084_20070410_20170104_01_T1,LE70900842007100ASN00,2007/04/10,LANDSAT_7,OFF,T1,1,, 090, 084,2017/01/04,2007:100:23:40:35.8143125,2007:100:23:41:02.5683749,ASN - Alice Springs  Australia,Day,0,0,178,4,4.39,2.889,3.305,9,N,LPGS_12.8.2,FULL,35.70466102,44.96605471,DE,2.825999,ETM_L1TP,ETM,DEFINITIVE,14541,16481,7271,8241,7271,8241,UTM,55,WGS84,WGS84,15,30,30,LE07CPF_20070401_20070630_01.02,2,34°39'12.24"S,149°41'39.12"E,33°42'02.52"S,148°53'21.12"E,34°00'01.08"S,150°57'02.88"E,35°17'52.80"S,148°25'01.56"E,35°36'12.96"S,150°31'10.20"E,-34.6534,149.6942,-33.7007,148.8892,-34.0003,150.9508,-35.298,148.4171,-35.6036,150.5195,LE07_L1TP_090084_20070410_20170104_01_T1,LE70900842007100ASN00,https://earthexplorer.usgs.gov/browse-link/12267/LE70900842007100ASN00
LE07_L1TP_090084_20070325_20170104_01_T1,LE70900842007084ASA00,2007/03/25,LANDSAT_7,OFF,T1,1,SAM, 090, 084,2017/01/04,2007:084:23:40:36.3988749,2007:084:23:41:03.6772500,ASA - Alice Springs  Austrailia,Day,79,79,20,4,4.511,3.148,3.231,9,N,LPGS_12.8.2,FULL,39.9242091,50.80662747,DE,12.040883,ETM_L1TP,ETM,DEFINITIVE,14721,16241,7361,8121,7361,8121,UTM,55,WGS84,WGS84,15,30,30,LE07CPF_20070101_20070331_01.02,2,34°36'51.77"S,149°47'41.10"E,33°38'38.22"S,148°59'44.74"E,33°56'34.80"S,151°03'19.40"E,35°16'19.09"S,148°30'53.39"E,35°34'37.63"S,150°36'57.38"E,-34.61438,149.79475,-33.64395,148.99576,-33.943,151.05539,-35.27197,148.51483,-35.57712,150.61594,LE07_L1TP_090084_20070325_20170104_01_T1,LE70900842007084ASA00,https://earthexplorer.usgs.gov/browse-link/12267/LE70900842007084ASA00
LE07_L1TP_090084_20070309_20170104_01_T1,LE70900842007068ASN00,2007/03/09,LANDSAT_7,OFF,T1,1,, 090, 084,2017/01/04,2007:068:23:40:35.1754375,2007:068:23:41:02.4515625,ASN - Alice Springs  Australia,Day,3,3,127,4,4.434,3.119,3.151,9,N,LPGS_12.8.2,FULL,43.76703818,57.7032879,DE,-13.385507,ETM_L1TP,ETM,DEFINITIVE,14681,16261,7341,8131,7341,8131,UTM,55,WGS84,WGS84,15,30,30,LE07CPF_20070101_20070331_01.02,2,34°38'22.92"S,149°40'46.20"E,33°40'16.68"S,148°52'51.24"E,33°58'17.04"S,150°56'24.72"E,35°17'58.20"S,148°23'53.88"E,35°36'20.52"S,150°29'57.12"E,-34.6397,149.6795,-33.6713,148.8809,-33.9714,150.9402,-35.2995,148.3983,-35.6057,150.4992,LE07_L1TP_090084_20070309_20170104_01_T1,LE70900842007068ASN00,https://earthexplorer.usgs.gov/browse-link/12267/LE70900842007068ASN00
LE07_L1TP_090084_20070221_20170105_01_T1,LE70900842007052ASN00,2007/02/21,LANDSAT_7,OFF,T1,1,, 090, 084,2017/01/05,2007:052:23:40:31.9096875,2007:052:23:40:59.1851249,ASN - Alice Springs  Australia,Day,46,45,110,4,5.517,3.374,4.365,9,N,LPGS_12.8.3,FULL,47.37109981,64.793285,DE,-6.351296,ETM_L1TP,ETM,DEFINITIVE,14661,16261,7331,8131,7331,8131,UTM,55,WGS84,WGS84,15,30,30,LE07CPF_20070101_20070331_01.02,2,34°37'46.56"S,149°40'46.92"E,33°39'36.00"S,148°52'51.60"E,33°57'37.44"S,150°56'23.28"E,35°17'18.60"S,148°23'56.04"E,35°35'42.00"S,150°29'56.76"E,-34.6296,149.6797,-33.66,148.881,-33.9604,150.9398,-35.2885,148.3989,-35.595,150.4991,LE07_L1TP_090084_20070221_20170105_01_T1,LE70900842007052ASN00,https://earthexplorer.usgs.gov/browse-link/12267/LE70900842007052ASN00
LE07_L1TP_090084_20070205_20170104_01_T1,LE70900842007036ASN00,2007/02/05,LANDSAT_7,OFF,T1,1,, 090, 084,2017/01/04,2007:036:23:40:26.6831250,2007:036:23:40:53.9562500,ASN - Alice Springs  Australia,Day,39,40,39,4,5.009,4.239,2.668,9,N,LPGS_12.8.3,FULL,50.62972512,71.35738605,DE,14.765042,ETM_L1TP,ETM,DEFINITIVE,14721,16241,7361,8121,7361,8121,UTM,55,WGS84,WGS84,15,30,30,LE07CPF_20070101_20070331_01.02,2,34°37'07.32"S,149°41'03.12"E,33°38'56.40"S,148°53'09.24"E,33°56'58.56"S,150°56'41.28"E,35°16'37.20"S,148°24'10.08"E,35°35'01.68"S,150°30'11.16"E,-34.6187,149.6842,-33.649,148.8859,-33.9496,150.9448,-35.277,148.4028,-35.5838,150.5031,LE07_L1TP_090084_20070205_20170104_01_T1,LE70900842007036ASN00,https://earthexplorer.usgs.gov/browse-link/12267/LE70900842007036ASN00
LE07_L1TP_090084_20070104_20170105_01_T1,LE70900842007004ASN00,2007/01/04,LANDSAT_7,OFF,T1,1,, 090, 084,2017/01/05,2007:004:23:40:17.3348749,2007:004:23:40:44.6036249,ASN - Alice Springs  Australia,Day,3,3,137,4,5.43,4.107,3.552,9,N,LPGS_12.8.3,FULL,56.07577798,79.26259939,DE,-15.097514,ETM_L1TP,ETM,DEFINITIVE,14721,16261,7361,8131,7361,8131,UTM,55,WGS84,WGS84,15,30,30,LE07CPF_20070101_20070331_01.02,2,34°35'48.12"S,149°40'42.60"E,33°37'32.52"S,148°52'49.80"E,33°55'35.40"S,150°56'24.00"E,35°15'11.16"S,148°23'49.92"E,35°33'36.72"S,150°29'52.80"E,-34.5967,149.6785,-33.6257,148.8805,-33.9265,150.94,-35.2531,148.3972,-35.5602,150.498,LE07_L1TP_090084_20070104_20170105_01_T1,LE70900842007004ASN00,https://earthexplorer.usgs.gov/browse-link/12267/LE70900842007004ASN00
LE07_L1TP_090084_20061219_20170105_01_T1,LE70900842006353ASN00,2006/12/19,LANDSAT_7,OFF,T1,1,, 090, 084,2017/01/05,2006:353:23:40:15.6472499,2006:353:23:40:42.9143750,ASN - Alice Springs  Australia,Day,88,88,9,4,5.189,3.342,3.969,9,N,LPGS_12.8.3,FULL,57.98280456,78.93071935,DE,-11.048359,ETM_L1TP,ETM,DEFINITIVE,14661,16281,7331,8141,7331,8141,UTM,55,WGS84,WGS84,15,30,30,LE07CPF_20061001_20061231_01.02,2,34°35'15.00"S,149°39'37.80"E,33°36'59.76"S,148°51'41.76"E,33°55'02.64"S,150°55'15.24"E,35°14'39.48"S,148°22'47.28"E,35°33'04.68"S,150°28'49.80"E,-34.5875,149.6605,-33.6166,148.8616,-33.9174,150.9209,-35.2443,148.3798,-35.5513,150.4805,LE07_L1TP_090084_20061219_20170105_01_T1,LE70900842006353ASN00,https://earthexplorer.usgs.gov/browse-link/12267/LE70900842006353ASN00
LE07_L1TP_090084_20061203_20170106_01_T1,LE70900842006337ASN00,2006/12/03,LANDSAT_7,OFF,T1,1,, 090, 084,2017/01/06,2006:337:23:40:10.6518750,2006:337:23:40:37.9163125,ASN - Alice Springs  Australia,Day,29,30,65,4,5.006,3.712,3.358,9,N,LPGS_12.8.3,FULL,58.82370712,75.32239023,DE,15.176147,ETM_L1TP,ETM,DEFINITIVE,14661,16261,7331,8131,7331,8131,UTM,55,WGS84,WGS84,15,30,30,LE07CPF_20061001_20061231_01.02,2,34°34'49.80"S,149°39'15.84"E,33°36'34.92"S,148°51'24.12"E,33°54'36.72"S,150°54'55.44"E,35°14'14.28"S,148°22'25.32"E,35°32'38.04"S,150°28'25.68"E,-34.5805,149.6544,-33.6097,148.8567,-33.9102,150.9154,-35.2373,148.3737,-35.5439,150.4738,LE07_L1TP_090084_20061203_20170106_01_T1,LE70900842006337ASN00,https://earthexplorer.usgs.gov/browse-link/12267/LE70900842006337ASN00
LE07_L1TP_090084_20061117_20170106_01_T1,LE70900842006321ASN00,2006/11/17,LANDSAT_7,OFF,T1,1,, 090, 084,2017/01/06,2006:321:23:40:01.9757500,2006:321:23:40:29.2381874,ASN - Alice Springs  Australia,Day,0,0,129,4,5.265,3.848,3.593,9,N,LPGS_12.8.3,FULL,58.09932387,69.2672433,DE,-6.741564,ETM_L1TP,ETM,DEFINITIVE,14721,16241,7361,8121,7361,8121,UTM,55,WGS84,WGS84,15,30,30,LE07CPF_20061001_20061231_01.02,2,34°34'32.88"S,149°39'37.80"E,33°36'24.12"S,148°51'43.92"E,33°54'24.48"S,150°55'12.72"E,35°14'03.48"S,148°22'48.00"E,35°32'26.52"S,150°28'45.84"E,-34.5758,149.6605,-33.6067,148.8622,-33.9068,150.9202,-35.2343,148.38,-35.5407,150.4794,LE07_L1TP_090084_20061117_20170106_01_T1,LE70900842006321ASN00,https://earthexplorer.usgs.gov/browse-link/12267/LE70900842006321ASN00
LE07_L1TP_090084_20061101_20170106_01_T1,LE70900842006305ASA00,2006/11/01,LANDSAT_7,OFF,T1,1,SAM, 090, 084,2017/01/06,2006:305:23:39:49.8093125,2006:305:23:40:17.0698750,ASA - Alice Springs  Austrailia,Day,100,100,41,4,6.41,4.311,4.744,9,N,LPGS_12.8.3,FULL,55.60720319,62.29357194,DE,-7.938562,ETM_L1TP,ETM,DEFINITIVE,14681,16261,7341,8131,7341,8131,UTM,55,WGS84,WGS84,15,30,30,LE07CPF_20061001_20061231_01.02,2,34°36'43.81"S,149°46'02.96"E,33°38'26.56"S,148°58'10.31"E,33°56'25.98"S,151°01'41.34"E,35°16'08.04"S,148°29'14.35"E,35°34'29.24"S,150°35'14.53"E,-34.61217,149.76749,-33.64071,148.96953,-33.94055,151.02815,-35.2689,148.48732,-35.57479,150.58737,LE07_L1TP_090084_20061101_20170106_01_T1,LE70900842006305ASA00,https://earthexplorer.usgs.gov/browse-link/12267/LE70900842006305ASA00
LE07_L1TP_090084_20061016_20170106_01_T1,LE70900842006289ASA00,2006/10/16,LANDSAT_7,OFF,T1,1,SAM, 090, 084,2017/01/06,2006:289:23:39:34.6796249,2006:289:23:40:01.9380000,ASA - Alice Springs  Austrailia,Day,73,73,21,4,4.4,3.452,2.729,9,N,LPGS_12.8.3,FULL,51.42779837,56.16806857,DE,-9.657142,ETM_L1TP,ETM,DEFINITIVE,14681,16281,7341,8141,7341,8141,UTM,55,WGS84,WGS84,15,30,30,LE07CPF_20061001_20061231_01.02,2,34°36'42.80"S,149°47'13.60"E,33°38'38.47"S,148°59'15.68"E,33°56'38.08"S,151°02'47.83"E,35°16'17.47"S,148°30'22.32"E,35°34'39.22"S,150°36'23.44"E,-34.61189,149.78711,-33.64402,148.98769,-33.94391,151.04662,-35.27152,148.5062,-35.57756,150.60651,LE07_L1TP_090084_20061016_20170106_01_T1,LE70900842006289ASA00,https://earthexplorer.usgs.gov/browse-link/12267/LE70900842006289ASA00
LE07_L1TP_090084_20060930_20170106_01_T1,LE70900842006273ASN00,2006/09/30,LANDSAT_7,OFF,T1,1,, 090, 084,2017/01/06,2006:273:23:39:29.4176250,2006:273:23:39:56.6742500,ASN - Alice Springs  Australia,Day,0,0,184,4,4.162,2.824,3.057,9,N,LPGS_12.8.3,FULL,46.14729547,51.35390638,DE,-8.068251,ETM_L1TP,ETM,DEFINITIVE,14661,16261,7331,8131,7331,8131,UTM,55,WGS84,WGS84,15,30,30,LE07CPF_20060701_20060930_01.02,2,34°34'59.88"S,149°43'54.48"E,33°36'54.36"S,148°55'55.56"E,33°54'45.72"S,150°59'25.44"E,35°14'35.52"S,148°27'11.52"E,35°32'48.84"S,150°33'10.08"E,-34.5833,149.7318,-33.6151,148.9321,-33.9127,150.9904,-35.2432,148.4532,-35.5469,150.5528,LE07_L1TP_090084_20060930_20170106_01_T1,LE70900842006273ASN00,https://earthexplorer.usgs.gov/browse-link/12267/LE70900842006273ASN00
LE07_L1TP_090084_20060914_20170108_01_T1,LE70900842006257ASN00,2006/09/14,LANDSAT_7,OFF,T1,1,, 090, 084,2017/01/08,2006:257:23:39:36.6309375,2006:257:23:40:03.8849999,ASN - Alice Springs  Australia,Day,0,0,174,4,4.452,2.722,3.523,9,N,LPGS_12.8.3,FULL,40.4513074,47.45771214,DE,.984752,ETM_L1TP,ETM,DEFINITIVE,14661,16261,7331,8131,7331,8131,UTM,55,WGS84,WGS84,15,30,30,LE07CPF_20060701_20060930_01.02,2,34°35'21.48"S,149°44'21.12"E,33°37'09.12"S,148°56'23.64"E,33°55'00.48"S,150°59'56.04"E,35°14'47.40"S,148°27'40.32"E,35°33'00.36"S,150°33'41.76"E,-34.5893,149.7392,-33.6192,148.9399,-33.9168,150.9989,-35.2465,148.4612,-35.5501,150.5616,LE07_L1TP_090084_20060914_20170108_01_T1,LE70900842006257ASN00,https://earthexplorer.usgs.gov/browse-link/12267/LE70900842006257ASN00
LE07_L1TP_090084_20060829_20170108_01_T2,LE70900842006241ASA00,2006/08/29,LANDSAT_7,OFF,T2,1,SAM, 090, 084,2017/01/08,2006:241:23:39:41.7539374,2006:241:23:40:09.0064374,ASA - Alice Springs  Austrailia,Day,60,59,48,4,14.95,13.241,6.941,9,N,LPGS_12.8.3,FULL,34.8958686,44.23449433,DE,-14.718194,ETM_L1TP,ETM,DEFINITIVE,14701,16241,7351,8121,7351,8121,UTM,55,WGS84,WGS84,15,30,30,LE07CPF_20060701_20060930_01.02,2,34°36'57.17"S,149°48'49.57"E,33°38'46.36"S,149°00'52.02"E,33°56'41.42"S,151°04'28.99"E,35°16'22.40"S,148°32'00.96"E,35°34'39.32"S,150°38'06.97"E,-34.61588,149.81377,-33.64621,149.01445,-33.94484,151.07472,-35.27289,148.5336,-35.57759,150.63527,LE07_L1TP_090084_20060829_20170108_01_T2,LE70900842006241ASA00,https://earthexplorer.usgs.gov/browse-link/12267/LE70900842006241ASA00
LE07_L1TP_090084_20060813_20170109_01_T1,LE70900842006225ASN00,2006/08/13,LANDSAT_7,OFF,T1,1,, 090, 084,2017/01/09,2006:225:23:39:44.7257500,2006:225:23:40:11.9763125,ASN - Alice Springs  Australia,Day,0,0,193,4,4.191,2.825,3.096,9,N,LPGS_12.8.3,FULL,29.94388128,41.59039769,DE,15.946717,ETM_L1TP,ETM,DEFINITIVE,14701,16241,7351,8121,7351,8121,UTM,55,WGS84,WGS84,15,30,30,LE07CPF_20060701_20060930_01.02,2,34°36'26.64"S,149°45'52.20"E,33°38'23.64"S,148°57'46.08"E,33°56'14.28"S,151°01'24.96"E,35°16'00.84"S,148°29'01.68"E,35°34'13.80"S,150°35'09.96"E,-34.6074,149.7645,-33.6399,148.9628,-33.9373,151.0236,-35.2669,148.4838,-35.5705,150.5861,LE07_L1TP_090084_20060813_20170109_01_T1,LE70900842006225ASN00,https://earthexplorer.usgs.gov/browse-link/12267/LE70900842006225ASN00
LE07_L1TP_090084_20060728_20170109_01_T1,LE70900842006209ASN00,2006/07/28,LANDSAT_7,OFF,T1,1,, 090, 084,2017/01/09,2006:209:23:39:45.8233749,2006:209:23:40:13.0718125,ASN - Alice Springs  Australia,Day,1,1,195,4,4.644,3.454,3.105,9,N,LPGS_12.8.3,FULL,26.09558076,39.20508223,DE,-10.251669,ETM_L1TP,ETM,DEFINITIVE,14701,16241,7351,8121,7351,8121,UTM,55,WGS84,WGS84,15,30,30,LE07CPF_20060701_20060930_01.02,2,34°37'02.64"S,149°46'47.28"E,33°39'00.00"S,148°58'41.52"E,33°56'51.00"S,151°02'20.40"E,35°16'37.56"S,148°29'56.76"E,35°34'50.52"S,150°36'05.04"E,-34.6174,149.7798,-33.65,148.9782,-33.9475,151.039,-35.2771,148.4991,-35.5807,150.6014,LE07_L1TP_090084_20060728_20170109_01_T1,LE70900842006209ASN00,https://earthexplorer.usgs.gov/browse-link/12267/LE70900842006209ASN00
LE07_L1TP_090084_20060712_20170109_01_T1,LE70900842006193ASN00,2006/07/12,LANDSAT_7,OFF,T1,1,, 090, 084,2017/01/09,2006:193:23:39:52.8869374,2006:193:23:40:20.1336249,ASN - Alice Springs  Australia,Day,1,1,179,4,4.613,3.477,3.032,9,N,LPGS_12.8.3,FULL,23.64241111,37.19131408,DE,-10.11001,ETM_L1TP,ETM,DEFINITIVE,14701,16241,7351,8121,7351,8121,UTM,55,WGS84,WGS84,15,30,30,LE07CPF_20060701_20060930_01.02,2,34°37'35.76"S,149°45'51.12"E,33°39'29.52"S,148°57'47.88"E,33°57'20.52"S,151°01'24.60"E,35°17'06.00"S,148°29'03.84"E,35°35'18.96"S,150°35'09.60"E,-34.6266,149.7642,-33.6582,148.9633,-33.9557,151.0235,-35.285,148.4844,-35.5886,150.586,LE07_L1TP_090084_20060712_20170109_01_T1,LE70900842006193ASN00,https://earthexplorer.usgs.gov/browse-link/12267/LE70900842006193ASN00
LE07_L1TP_090084_20060626_20170108_01_T1,LE70900842006177ASN00,2006/06/26,LANDSAT_7,OFF,T1,1,, 090, 084,2017/01/08,2006:177:23:40:00.1318125,2006:177:23:40:27.3758124,ASN - Alice Springs  Australia,Day,2,2,183,4,5.571,4.272,3.576,9,N,LPGS_12.8.3,FULL,22.74023766,35.75444902,DE,-3.69066,ETM_L1TP,ETM,DEFINITIVE,14661,16261,7331,8131,7331,8131,UTM,55,WGS84,WGS84,15,30,30,LE07CPF_20060401_20060630_01.02,2,34°38'07.80"S,149°44'44.52"E,33°40'01.92"S,148°56'40.56"E,33°57'53.64"S,151°00'15.48"E,35°17'38.76"S,148°27'59.04"E,35°35'51.72"S,150°34'03.36"E,-34.6355,149.7457,-33.6672,148.9446,-33.9649,151.0043,-35.2941,148.4664,-35.5977,150.5676,LE07_L1TP_090084_20060626_20170108_01_T1,LE70900842006177ASN00,https://earthexplorer.usgs.gov/browse-link/12267/LE70900842006177ASN00
LE07_L1GT_090084_20060610_20170108_01_T2,LE70900842006161ASA01,2006/06/10,LANDSAT_7,OFF,T2,1,SAM, 090, 084,2017/01/08,2006:161:23:40:05.3679375,2006:161:23:40:32.6096875,ASA - Alice Springs  Austrailia,Day,99,99,-1,-1,,,,9,N,LPGS_12.8.3,FULL,23.43617872,35.12309013,DE,4.647632,ETM_L1GT,ETM,DEFINITIVE,14681,16241,7341,8121,7341,8121,UTM,55,WGS84,WGS84,15,30,30,LE07CPF_20060401_20060630_01.02,2,34°36'55.15"S,149°47'55.72"E,33°38'52.44"S,148°59'58.24"E,33°56'47.36"S,151°03'30.56"E,35°16'25.86"S,148°31'06.24"E,35°34'42.89"S,150°37'07.46"E,-34.61532,149.79881,-33.6479,148.99951,-33.94649,151.05849,-35.27385,148.5184,-35.57858,150.61874,LE07_L1GT_090084_20060610_20170108_01_T2,LE70900842006161ASA01,https://earthexplorer.usgs.gov/browse-link/12267/LE70900842006161ASA01
LE07_L1TP_090084_20060525_20170108_01_T1,LE70900842006145ASA00,2006/05/25,LANDSAT_7,OFF,T1,1,SAM, 090, 084,2017/01/08,2006:145:23:40:08.1024374,2006:145:23:40:35.3420624,ASA - Alice Springs  Austrailia,Day,32,32,115,4,6.909,3.216,6.115,9,N,LPGS_12.8.3,FULL,25.46148161,35.68296123,DE,-15.346957,ETM_L1TP,ETM,DEFINITIVE,14701,16241,7351,8121,7351,8121,UTM,55,WGS84,WGS84,15,30,30,LE07CPF_20060401_20060630_01.02,2,34°36'54.54"S,149°47'57.05"E,33°38'39.48"S,148°59'55.82"E,33°56'34.80"S,151°03'29.84"E,35°16'15.35"S,148°31'12.47"E,35°34'32.56"S,150°37'15.46"E,-34.61515,149.79918,-33.6443,148.99884,-33.943,151.05829,-35.27093,148.52013,-35.57571,150.62096,LE07_L1TP_090084_20060525_20170108_01_T1,LE70900842006145ASA00,https://earthexplorer.usgs.gov/browse-link/12267/LE70900842006145ASA00
LE07_L1TP_090084_20060509_20170109_01_T1,LE70900842006129ASN00,2006/05/09,LANDSAT_7,OFF,T1,1,, 090, 084,2017/01/09,2006:129:23:40:08.2820624,2006:129:23:40:35.5192499,ASN - Alice Springs  Australia,Day,70,69,55,4,4.85,3.259,3.592,9,N,LPGS_12.8.3,FULL,28.48200504,37.67831904,DE,-7.636439,ETM_L1TP,ETM,DEFINITIVE,14641,16281,7321,8141,7321,8141,UTM,55,WGS84,WGS84,15,30,30,LE07CPF_20060401_20060630_01.02,2,34°38'59.28"S,149°43'49.08"E,33°40'58.80"S,148°55'48.36"E,33°58'54.48"S,150°59'28.32"E,35°18'31.32"S,148°27'01.44"E,35°36'48.60"S,150°33'10.80"E,-34.6498,149.7303,-33.683,148.9301,-33.9818,150.9912,-35.3087,148.4504,-35.6135,150.553,LE07_L1TP_090084_20060509_20170109_01_T1,LE70900842006129ASN00,https://earthexplorer.usgs.gov/browse-link/12267/LE70900842006129ASN00
LE07_L1TP_090084_20060423_20170109_01_T1,LE70900842006113ASN00,2006/04/23,LANDSAT_7,OFF,T1,1,, 090, 084,2017/01/09,2006:113:23:40:05.2221249,2006:113:23:40:32.4585000,ASN - Alice Springs  Australia,Day,6,6,170,4,4.125,2.933,2.9,9,N,LPGS_12.8.3,FULL,32.27255698,41.10418066,DE,-4.608064,ETM_L1TP,ETM,DEFINITIVE,14701,16261,7351,8131,7351,8131,UTM,55,WGS84,WGS84,15,30,30,LE07CPF_20060401_20060630_01.02,2,34°38'58.92"S,149°44'45.60"E,33°40'49.80"S,148°56'46.32"E,33°58'46.92"S,151°00'27.72"E,35°18'21.24"S,148°27'54.36"E,35°36'40.68"S,150°34'04.80"E,-34.6497,149.746,-33.6805,148.9462,-33.9797,151.0077,-35.3059,148.4651,-35.6113,150.568,LE07_L1TP_090084_20060423_20170109_01_T1,LE70900842006113ASN00,https://earthexplorer.usgs.gov/browse-link/12267/LE70900842006113ASN00
LE07_L1TP_090084_20060407_20170110_01_T1,LE70900842006097ASN00,2006/04/07,LANDSAT_7,OFF,T1,1,, 090, 084,2017/01/10,2006:097:23:40:07.0971875,2006:097:23:40:34.3305000,ASN - Alice Springs  Australia,Day,0,0,189,4,4.142,2.869,2.987,9,N,LPGS_12.8.3,FULL,36.37868636,45.98602769,DE,6.071206,ETM_L1TP,ETM,DEFINITIVE,14641,16281,7321,8141,7321,8141,UTM,55,WGS84,WGS84,15,30,30,LE07CPF_20060401_20060630_01.02,2,34°38'48.48"S,149°44'11.40"E,33°40'42.60"S,148°56'12.48"E,33°58'41.16"S,150°59'51.72"E,35°18'14.04"S,148°27'18.36"E,35°36'34.56"S,150°33'27.00"E,-34.6468,149.7365,-33.6785,148.9368,-33.9781,150.9977,-35.3039,148.4551,-35.6096,150.5575,LE07_L1TP_090084_20060407_20170110_01_T1,LE70900842006097ASN00,https://earthexplorer.usgs.gov/browse-link/12267/LE70900842006097ASN00
LE07_L1TP_090084_20060322_20170110_01_T1,LE70900842006081ASA00,2006/03/22,LANDSAT_7,OFF,T1,1,SAM, 090, 084,2017/01/10,2006:081:23:40:09.7541875,2006:081:23:40:36.9852499,ASA - Alice Springs  Austrailia,Day,83,83,13,4,3.808,3.161,2.124,9,N,LPGS_12.8.3,FULL,40.56917791,52.01765849,DE,-6.513124,ETM_L1TP,ETM,DEFINITIVE,14701,16241,7351,8121,7351,8121,UTM,55,WGS84,WGS84,15,30,30,LE07CPF_20060101_20060331_01.02,2,34°36'52.24"S,149°48'51.98"E,33°38'38.29"S,149°00'55.22"E,33°56'35.12"S,151°04'29.60"E,35°16'10.09"S,148°32'04.92"E,35°34'28.63"S,150°38'08.41"E,-34.61451,149.81444,-33.64397,149.01534,-33.94309,151.07489,-35.26947,148.5347,-35.57462,150.63567,LE07_L1TP_090084_20060322_20170110_01_T1,LE70900842006081ASA00,https://earthexplorer.usgs.gov/browse-link/12267/LE70900842006081ASA00
LE07_L1TP_090084_20060306_20170111_01_T1,LE70900842006065ASN00,2006/03/06,LANDSAT_7,OFF,T1,1,, 090, 084,2017/01/11,2006:065:23:40:10.2253749,2006:065:23:40:37.4536250,ASN - Alice Springs  Australia,Day,2,3,148,4,4.44,2.763,3.476,9,N,LPGS_12.8.3,FULL,44.36259187,59.00474125,DE,2.019389,ETM_L1TP,ETM,DEFINITIVE,14641,16261,7321,8131,7321,8131,UTM,55,WGS84,WGS84,15,30,30,LE07CPF_20060101_20060331_01.02,2,34°38'02.40"S,149°42'30.24"E,33°39'51.84"S,148°54'35.28"E,33°57'52.20"S,150°58'08.40"E,35°17'23.64"S,148°25'41.16"E,35°35'46.32"S,150°31'43.32"E,-34.634,149.7084,-33.6644,148.9098,-33.9645,150.969,-35.2899,148.4281,-35.5962,150.5287,LE07_L1TP_090084_20060306_20170111_01_T1,LE70900842006065ASN00,https://earthexplorer.usgs.gov/browse-link/12267/LE70900842006065ASN00
LE07_L1TP_090084_20060218_20170110_01_T1,LE70900842006049ASA00,2006/02/18,LANDSAT_7,OFF,T1,1,SAM, 090, 084,2017/01/10,2006:049:23:40:08.6499999,2006:049:23:40:35.8766875,ASA - Alice Springs  Austrailia,Day,2,3,133,4,4.802,3.137,3.636,9,N,LPGS_12.8.3,FULL,47.98624448,65.97407344,DE,-4.217933,ETM_L1TP,ETM,DEFINITIVE,14661,16281,7331,8141,7331,8141,UTM,55,WGS84,WGS84,15,30,30,LE07CPF_20060101_20060331_01.02,2,34°36'50.15"S,149°48'02.27"E,33°38'44.88"S,149°00'03.85"E,33°56'41.93"S,151°03'35.32"E,35°16'16.86"S,148°31'15.49"E,35°34'35.98"S,150°37'15.82"E,-34.61393,149.80063,-33.6458,149.00107,-33.94498,151.05981,-35.27135,148.52097,-35.57666,150.62106,LE07_L1TP_090084_20060218_20170110_01_T1,LE70900842006049ASA00,https://earthexplorer.usgs.gov/browse-link/12267/LE70900842006049ASA00
LE07_L1TP_090084_20060202_20170110_01_T1,LE70900842006033ASN00,2006/02/02,LANDSAT_7,OFF,T1,1,, 090, 084,2017/01/10,2006:033:23:40:04.8010625,2006:033:23:40:32.0255625,ASN - Alice Springs  Australia,Day,73,73,36,4,4.373,2.572,3.537,9,N,LPGS_12.8.3,FULL,51.09568554,72.43822705,DE,-6.769816,ETM_L1TP,ETM,DEFINITIVE,14661,16281,7331,8141,7331,8141,UTM,55,WGS84,WGS84,15,30,30,LE07CPF_20060101_20060331_01.02,2,34°36'58.68"S,149°41'51.00"E,33°38'50.28"S,148°53'58.20"E,33°56'52.80"S,150°57'30.24"E,35°16'22.08"S,148°25'02.64"E,35°34'45.84"S,150°31'03.36"E,-34.6163,149.6975,-33.6473,148.8995,-33.948,150.9584,-35.2728,148.4174,-35.5794,150.5176,LE07_L1TP_090084_20060202_20170110_01_T1,LE70900842006033ASN00,https://earthexplorer.usgs.gov/browse-link/12267/LE70900842006033ASN00
LE07_L1GT_090084_20060117_20170111_01_T2,LE70900842006017ASA00,2006/01/17,LANDSAT_7,OFF,T2,1,SAM, 090, 084,2017/01/11,2006:017:23:39:58.5736874,2006:017:23:40:25.7961875,ASA - Alice Springs  Austrailia,Day,100,100,-1,-1,,,,9,N,LPGS_12.8.3,FULL,54.03439228,77.12620868,DE,10.415954,ETM_L1GT,ETM,DEFINITIVE,14701,16241,7351,8121,7351,8121,UTM,55,WGS84,WGS84,15,30,30,LE07CPF_20060101_20060331_01.02,2,34°36'50.29"S,149°48'07.99"E,33°38'46.93"S,149°00'07.24"E,33°56'45.31"S,151°03'42.62"E,35°16'15.89"S,148°31'17.83"E,35°34'36.30"S,150°37'21.97"E,-34.61397,149.80222,-33.64637,149.00201,-33.94592,151.06184,-35.27108,148.52162,-35.57675,150.62277,LE07_L1GT_090084_20060117_20170111_01_T2,LE70900842006017ASA00,https://earthexplorer.usgs.gov/browse-link/12267/LE70900842006017ASA00
LE07_L1TP_090084_20060101_20170111_01_T1,LE70900842006001ASN00,2006/01/01,LANDSAT_7,OFF,T1,1,, 090, 084,2017/01/11,2006:001:23:39:49.7259374,2006:001:23:40:16.9465000,ASN - Alice Springs  Australia,Day,71,72,18,4,7.313,3.892,6.191,9,N,LPGS_12.8.3,FULL,56.39656573,79.49637916,DE,-11.354376,ETM_L1TP,ETM,DEFINITIVE,14701,16241,7351,8121,7351,8121,UTM,55,WGS84,WGS84,15,30,30,LE07CPF_20060101_20060331_01.02,2,34°35'51.00"S,149°42'56.88"E,33°37'44.76"S,148°54'59.04"E,33°55'48.00"S,150°58'33.96"E,35°15'12.24"S,148°26'02.40"E,35°33'37.08"S,150°32'06.00"E,-34.5975,149.7158,-33.6291,148.9164,-33.93,150.9761,-35.2534,148.434,-35.5603,150.535,LE07_L1TP_090084_20060101_20170111_01_T1,LE70900842006001ASN00,https://earthexplorer.usgs.gov/browse-link/12267/LE70900842006001ASN00
LE07_L1TP_090084_20051216_20170112_01_T1,LE70900842005350ASN00,2005/12/16,LANDSAT_7,OFF,T1,1,, 090, 084,2017/01/12,2005:350:23:39:41.5846874,2005:350:23:40:08.8033750,ASN - Alice Springs  Australia,Day,11,11,95,4,5.687,4.113,3.928,9,N,LPGS_12.8.3,FULL,58.15844096,78.58566632,DE,-8.897127,ETM_L1TP,ETM,DEFINITIVE,14701,16241,7351,8121,7351,8121,UTM,55,WGS84,WGS84,15,30,30,LE07CPF_20051001_20051231_01.02,2,34°35'24.72"S,149°43'39.00"E,33°37'23.88"S,148°55'42.60"E,33°55'26.40"S,150°59'16.08"E,35°14'48.12"S,148°26'48.12"E,35°33'12.24"S,150°32'50.28"E,-34.5902,149.7275,-33.6233,148.9285,-33.924,150.9878,-35.2467,148.4467,-35.5534,150.5473,LE07_L1TP_090084_20051216_20170112_01_T1,LE70900842005350ASN00,https://earthexplorer.usgs.gov/browse-link/12267/LE70900842005350ASN00
LE07_L1TP_090084_20051130_20170112_01_T1,LE70900842005334ASN00,2005/11/30,LANDSAT_7,OFF,T1,1,, 090, 084,2017/01/12,2005:334:23:39:39.4017500,2005:334:23:40:06.6181250,ASN - Alice Springs  Australia,Day,2,2,127,4,5.021,3.73,3.361,9,N,LPGS_12.8.3,FULL,58.76151775,74.47911489,DE,-11.631983,ETM_L1TP,ETM,DEFINITIVE,14681,16241,7341,8121,7341,8121,UTM,55,WGS84,WGS84,15,30,30,LE07CPF_20051001_20051231_01.02,2,34°35'06.36"S,149°42'30.60"E,33°36'50.40"S,148°54'37.44"E,33°54'51.48"S,150°58'08.76"E,35°14'18.96"S,148°25'44.40"E,35°32'42.72"S,150°31'44.04"E,-34.5851,149.7085,-33.614,148.9104,-33.9143,150.9691,-35.2386,148.429,-35.5452,150.5289,LE07_L1TP_090084_20051130_20170112_01_T1,LE70900842005334ASN00,https://earthexplorer.usgs.gov/browse-link/12267/LE70900842005334ASN00
LE07_L1TP_090084_20051114_20170112_01_T1,LE70900842005318ASN00,2005/11/14,LANDSAT_7,OFF,T1,1,, 090, 084,2017/01/12,2005:318:23:39:33.3903124,2005:318:23:40:00.6052500,ASN - Alice Springs  Australia,Day,81,82,16,4,4.739,3.374,3.328,9,N,LPGS_12.8.3,FULL,57.7318794,68.17060945,DE,11.210767,ETM_L1TP,ETM,DEFINITIVE,14701,16241,7351,8121,7351,8121,UTM,55,WGS84,WGS84,15,30,30,LE07CPF_20051001_20051231_01.02,2,34°34'51.24"S,149°42'09.72"E,33°36'44.28"S,148°54'15.48"E,33°54'44.28"S,150°57'44.64"E,35°14'13.92"S,148°25'22.80"E,35°32'36.24"S,150°31'20.64"E,-34.5809,149.7027,-33.6123,148.9043,-33.9123,150.9624,-35.2372,148.423,-35.5434,150.5224,LE07_L1TP_090084_20051114_20170112_01_T1,LE70900842005318ASN00,https://earthexplorer.usgs.gov/browse-link/12267/LE70900842005318ASN00
LE07_L1GT_090084_20051029_20170113_01_T2,LE70900842005302ASA00,2005/10/29,LANDSAT_7,OFF,T2,1,SAM, 090, 084,2017/01/13,2005:302:23:39:23.6001874,2005:302:23:39:50.8133749,ASA - Alice Springs  Austrailia,Day,100,100,-1,-1,,,,9,N,LPGS_12.8.3,FULL,54.92774777,61.25559041,DE,6.06934,ETM_L1GT,ETM,DEFINITIVE,14681,16241,7341,8121,7341,8121,UTM,55,WGS84,WGS84,15,30,30,LE07CPF_20051001_20051231_01.02,2,34°36'43.70"S,149°46'57.00"E,33°38'41.32"S,148°58'58.69"E,33°56'40.85"S,151°02'30.19"E,35°16'09.70"S,148°30'04.72"E,35°34'31.15"S,150°36'04.97"E,-34.61214,149.7825,-33.64481,148.98297,-33.94468,151.04172,-35.26936,148.50131,-35.57532,150.60138,LE07_L1GT_090084_20051029_20170113_01_T2,LE70900842005302ASA00,https://earthexplorer.usgs.gov/browse-link/12267/LE70900842005302ASA00
LE07_L1TP_090084_20051013_20170112_01_T1,LE70900842005286ASN00,2005/10/13,LANDSAT_7,OFF,T1,1,, 090, 084,2017/01/12,2005:286:23:39:10.3690624,2005:286:23:39:37.5798125,ASN - Alice Springs  Australia,Day,57,58,78,4,4.749,3.173,3.534,9,N,LPGS_12.8.3,FULL,50.48934896,55.45276811,DE,-.377879,ETM_L1TP,ETM,DEFINITIVE,14641,16261,7321,8131,7321,8131,UTM,55,WGS84,WGS84,15,30,30,LE07CPF_20051001_20051231_01.02,2,34°34'54.12"S,149°43'30.72"E,33°36'50.76"S,148°55'33.60"E,33°54'48.96"S,150°59'03.84"E,35°14'16.44"S,148°26'44.16"E,35°32'36.96"S,150°32'43.08"E,-34.5817,149.7252,-33.6141,148.926,-33.9136,150.9844,-35.2379,148.4456,-35.5436,150.5453,LE07_L1TP_090084_20051013_20170112_01_T1,LE70900842005286ASN00,https://earthexplorer.usgs.gov/browse-link/12267/LE70900842005286ASN00
LE07_L1TP_090084_20050927_20170113_01_T1,LE70900842005270ASA00,2005/09/27,LANDSAT_7,OFF,T1,1,SAM, 090, 084,2017/01/13,2005:270:23:39:08.5781875,2005:270:23:39:35.7870000,ASA - Alice Springs  Austrailia,Day,69,69,36,4,4.412,2.98,3.253,9,Y,LPGS_12.8.3,FULL,45.15585867,50.59480551,DE,-4.465078,ETM_L1TP,ETM,DEFINITIVE,14621,16261,7311,8131,7311,8131,UTM,55,WGS84,WGS84,15,30,30,LE07CPF_20050701_20050930_01.02,2,34°36'57.78"S,149°48'54.32"E,33°38'55.72"S,149°00'54.83"E,33°56'49.85"S,151°04'27.91"E,35°16'25.10"S,148°32'08.09"E,35°34'41.38"S,150°38'09.92"E,-34.61605,149.81509,-33.64881,149.01523,-33.94718,151.07442,-35.27364,148.53558,-35.57816,150.63609,LE07_L1TP_090084_20050927_20170113_01_T1,LE70900842005270ASA00,https://earthexplorer.usgs.gov/browse-link/12267/LE70900842005270ASA00
LE07_L1TP_090084_20050911_20170113_01_T1,LE70900842005254ASA00,2005/09/11,LANDSAT_7,OFF,T1,1,SAM, 090, 084,2017/01/13,2005:254:23:39:09.0436249,2005:254:23:39:36.2510625,ASA - Alice Springs  Austrailia,Day,59,58,109,4,4.996,3.063,3.947,9,N,LPGS_12.8.3,FULL,39.43312263,46.87545093,DE,3.165807,ETM_L1TP,ETM,DEFINITIVE,14641,16281,7321,8141,7321,8141,UTM,55,WGS84,WGS84,15,30,30,LE07CPF_20050701_20050930_01.02,2,34°36'56.52"S,149°50'32.57"E,33°39'00.79"S,149°02'29.87"E,33°56'55.57"S,151°06'04.46"E,35°16'29.21"S,148°33'45.76"E,35°34'45.98"S,150°39'49.25"E,-34.6157,149.84238,-33.65022,149.04163,-33.94877,151.10124,-35.27478,148.56271,-35.57944,150.66368,LE07_L1TP_090084_20050911_20170113_01_T1,LE70900842005254ASA00,https://earthexplorer.usgs.gov/browse-link/12267/LE70900842005254ASA00
LE07_L1TP_090084_20050826_20170114_01_T1,LE70900842005238ASN00,2005/08/26,LANDSAT_7,OFF,T1,1,, 090, 084,2017/01/14,2005:238:23:39:19.0709999,2005:238:23:39:46.2763749,ASN - Alice Springs  Australia,Day,8,9,115,4,4.048,2.647,3.063,9,N,LPGS_12.8.3,FULL,33.91768884,43.87721766,DE,6.504541,ETM_L1TP,ETM,DEFINITIVE,14641,16261,7321,8131,7321,8131,UTM,55,WGS84,WGS84,15,30,30,LE07CPF_20050701_20050930_01.02,2,34°36'07.56"S,149°46'18.84"E,33°38'05.64"S,148°58'17.40"E,33°55'57.00"S,151°01'53.76"E,35°15'32.04"S,148°29'35.52"E,35°33'45.36"S,150°35'40.56"E,-34.6021,149.7719,-33.6349,148.9715,-33.9325,151.0316,-35.2589,148.4932,-35.5626,150.5946,LE07_L1TP_090084_20050826_20170114_01_T1,LE70900842005238ASN00,https://earthexplorer.usgs.gov/browse-link/12267/LE70900842005238ASN00
LE07_L1TP_090084_20050810_20170114_01_T1,LE70900842005222ASN00,2005/08/10,LANDSAT_7,OFF,T1,1,, 090, 084,2017/01/14,2005:222:23:39:25.5279374,2005:222:23:39:52.7324374,ASN - Alice Springs  Australia,Day,52,51,147,4,4.705,3.243,3.409,9,N,LPGS_12.8.3,FULL,29.15039451,41.22534726,DE,-.662767,ETM_L1TP,ETM,DEFINITIVE,14641,16261,7321,8131,7321,8131,UTM,55,WGS84,WGS84,15,30,30,LE07CPF_20050701_20050930_01.02,2,34°36'37.80"S,149°46'04.08"E,33°38'36.96"S,148°57'58.68"E,33°56'28.32"S,151°01'37.20"E,35°16'04.08"S,148°29'20.04"E,35°34'17.04"S,150°35'27.60"E,-34.6105,149.7678,-33.6436,148.9663,-33.9412,151.027,-35.2678,148.4889,-35.5714,150.591,LE07_L1TP_090084_20050810_20170114_01_T1,LE70900842005222ASN00,https://earthexplorer.usgs.gov/browse-link/12267/LE70900842005222ASN00
LE07_L1TP_090084_20050725_20170113_01_T1,LE70900842005206ASN00,2005/07/25,LANDSAT_7,OFF,T1,1,, 090, 084,2017/01/13,2005:206:23:39:29.0421249,2005:206:23:39:56.2438750,ASN - Alice Springs  Australia,Day,82,81,45,4,4.523,3.187,3.209,9,N,LPGS_12.8.3,FULL,25.52951501,38.89066706,DE,-7.04409,ETM_L1TP,ETM,DEFINITIVE,14681,16241,7341,8121,7341,8121,UTM,55,WGS84,WGS84,15,30,30,LE07CPF_20050701_20050930_01.02,2,34°37'07.32"S,149°46'14.88"E,33°38'58.92"S,148°58'09.48"E,33°56'50.64"S,151°01'47.64"E,35°16'26.40"S,148°29'28.32"E,35°34'39.72"S,150°35'35.52"E,-34.6187,149.7708,-33.6497,148.9693,-33.9474,151.0299,-35.274,148.4912,-35.5777,150.5932,LE07_L1TP_090084_20050725_20170113_01_T1,LE70900842005206ASN00,https://earthexplorer.usgs.gov/browse-link/12267/LE70900842005206ASN00
LE07_L1TP_090084_20050709_20170113_01_T1,LE70900842005190ASA00,2005/07/09,LANDSAT_7,OFF,T1,1,SAM, 090, 084,2017/01/14,2005:190:23:39:29.7053750,2005:190:23:39:56.9049999,ASA - Alice Springs  Austrailia,Day,89,89,21,4,4.919,3.675,3.27,9,N,LPGS_12.8.3,FULL,23.37202652,36.92089511,DE,13.356184,ETM_L1TP,ETM,DEFINITIVE,14621,16261,7311,8131,7311,8131,UTM,55,WGS84,WGS84,15,30,30,LE07CPF_20050701_20050930_01.02,2,34°36'54.14"S,149°49'46.63"E,33°38'47.76"S,149°01'49.15"E,33°56'43.58"S,151°05'24.22"E,35°16'13.22"S,148°33'04.28"E,35°34'30.86"S,150°39'08.28"E,-34.61504,149.82962,-33.6466,149.03032,-33.94544,151.09006,-35.27034,148.55119,-35.57524,150.6523,LE07_L1TP_090084_20050709_20170113_01_T1,LE70900842005190ASA00,https://earthexplorer.usgs.gov/browse-link/12267/LE70900842005190ASA00
LE07_L1TP_090084_20050623_20170115_01_T1,LE70900842005174ASN00,2005/06/23,LANDSAT_7,OFF,T1,1,, 090, 084,2017/01/15,2005:174:23:39:29.1384375,2005:174:23:39:56.3359375,ASN - Alice Springs  Australia,Day,49,50,68,4,5.783,4.697,3.374,9,N,LPGS_12.8.3,FULL,22.70965663,35.65001014,DE,15.435788,ETM_L1TP,ETM,DEFINITIVE,14621,16261,7311,8131,7311,8131,UTM,55,WGS84,WGS84,15,30,30,LE07CPF_20050401_20050630_01.02,2,34°37'59.52"S,149°47'28.32"E,33°40'00.12"S,148°59'26.52"E,33°57'52.56"S,151°03'01.44"E,35°17'25.80"S,148°30'46.80"E,35°35'39.48"S,150°36'51.12"E,-34.6332,149.7912,-33.6667,148.9907,-33.9646,151.0504,-35.2905,148.513,-35.5943,150.6142,LE07_L1TP_090084_20050623_20170115_01_T1,LE70900842005174ASN00,https://earthexplorer.usgs.gov/browse-link/12267/LE70900842005174ASN00
LE07_L1TP_090084_20050607_20170115_01_T1,LE70900842005158ASN00,2005/06/07,LANDSAT_7,OFF,T1,1,, 090, 084,2017/01/15,2005:158:23:39:34.5762500,2005:158:23:40:01.7716249,ASN - Alice Springs  Australia,Day,0,0,202,4,5.419,4.414,3.144,9,N,LPGS_12.8.3,FULL,23.6059537,35.24825454,DE,3.537894,ETM_L1TP,ETM,DEFINITIVE,14641,16241,7321,8121,7321,8121,UTM,55,WGS84,WGS84,15,30,30,LE07CPF_20050401_20050630_01.02,2,34°38'18.96"S,149°46'36.48"E,33°40'25.68"S,148°58'30.00"E,33°58'18.48"S,151°02'04.92"E,35°17'52.44"S,148°29'52.08"E,35°36'07.20"S,150°35'56.04"E,-34.6386,149.7768,-33.6738,148.975,-33.9718,151.0347,-35.2979,148.4978,-35.602,150.5989,LE07_L1TP_090084_20050607_20170115_01_T1,LE70900842005158ASN00,https://earthexplorer.usgs.gov/browse-link/12267/LE70900842005158ASN00
LE07_L1TP_090084_20050522_20170114_01_T1,LE70900842005142ASN00,2005/05/22,LANDSAT_7,OFF,T1,1,, 090, 084,2017/01/14,2005:142:23:39:40.1426874,2005:142:23:40:07.3360000,ASN - Alice Springs  Australia,Day,0,0,177,4,4.655,3.344,3.238,9,N,LPGS_12.8.3,FULL,25.82881843,36.04354376,DE,-15.950451,ETM_L1TP,ETM,DEFINITIVE,14681,16241,7341,8121,7341,8121,UTM,55,WGS84,WGS84,15,30,30,LE07CPF_20050401_20050630_01.02,2,34°38'32.28"S,149°45'32.76"E,33°40'35.04"S,148°57'31.68"E,33°58'28.92"S,151°01'08.40"E,35°17'58.56"S,148°28'44.04"E,35°36'14.76"S,150°34'49.44"E,-34.6423,149.7591,-33.6764,148.9588,-33.9747,151.019,-35.2996,148.4789,-35.6041,150.5804,LE07_L1TP_090084_20050522_20170114_01_T1,LE70900842005142ASN00,https://earthexplorer.usgs.gov/browse-link/12267/LE70900842005142ASN00
LE07_L1TP_090084_20050506_20170114_01_T1,LE70900842005126ASA00,2005/05/06,LANDSAT_7,OFF,T1,1,SAM, 090, 084,2017/01/14,2005:126:23:39:40.8098750,2005:126:23:40:08.0012500,ASA - Alice Springs  Austrailia,Day,77,78,28,4,4.537,2.95,3.447,9,N,LPGS_12.8.3,FULL,29.11805792,38.18923228,DE,-9.204079,ETM_L1TP,ETM,DEFINITIVE,14681,16241,7341,8121,7341,8121,UTM,55,WGS84,WGS84,15,30,30,LE07CPF_20050401_20050630_01.02,2,34°36'54.86"S,149°49'27.80"E,33°38'50.10"S,149°01'27.62"E,33°56'46.46"S,151°05'04.16"E,35°16'13.58"S,148°32'38.33"E,35°34'31.87"S,150°38'43.55"E,-34.61524,149.82439,-33.64725,149.02434,-33.94624,151.08449,-35.27044,148.54398,-35.57552,150.64543,LE07_L1TP_090084_20050506_20170114_01_T1,LE70900842005126ASA00,https://earthexplorer.usgs.gov/browse-link/12267/LE70900842005126ASA00
LE07_L1TP_090084_20050420_20170115_01_T1,LE70900842005110ASA00,2005/04/20,LANDSAT_7,OFF,T1,1,SAM, 090, 084,2017/01/15,2005:110:23:39:36.0519375,2005:110:23:40:03.2411249,ASA - Alice Springs  Austrailia,Day,48,49,18,4,3.93,2.45,3.073,9,N,LPGS_12.8.3,FULL,32.98161282,41.87781796,DE,15.393109,ETM_L1TP,ETM,DEFINITIVE,14621,16281,7311,8141,7311,8141,UTM,55,WGS84,WGS84,15,30,30,LE07CPF_20050401_20050630_01.02,2,34°36'52.52"S,149°50'57.88"E,33°38'55.57"S,149°02'52.66"E,33°56'52.12"S,151°06'31.07"E,35°16'19.27"S,148°34'09.34"E,35°34'38.10"S,150°40'16.54"E,-34.61459,149.84941,-33.64877,149.04796,-33.94781,151.10863,-35.27202,148.56926,-35.57725,150.67126,LE07_L1TP_090084_20050420_20170115_01_T1,LE70900842005110ASA00,https://earthexplorer.usgs.gov/browse-link/12267/LE70900842005110ASA00
