Landsat Product Identifier,Landsat Scene Identifier,Acquisition Date,Spacecraft Identifier,Collection Category,Collection Number,Sensor Mode,WRS Path,WRS Row,Date L-1 Generated,Start Time,Stop Time,Station Identifier,Day/Night Indicator,Land Cloud Cover,Scene Cloud Cover,Ground Control Points Model,Ground Control Points Version,Geometric RMSE Model (meters),Geometric RMSE Model X,Geometric RMSE Model Y,Sensor Anomalies,Data Anomaly,Image Quality,Gain Change,Processing Software Version,Full Partial Scene,Sun Elevation L-1,Sun Azimuth L-1,Data Type Level-1,Sensor Identifier,Ephemeris Type,Reflective Lines,Reflective Samples,Thermal Lines,Thermal Samples,Map Projection Level-1,UTM Zone,Datum,Ellipsoid,Grid Cell Size Reflective,Grid Cell Size Thermal,Calibration Parameter File,Center Latitude,Center Longitude,UL Corner Lat,UL Corner Long,UR Corner Lat,UR Corner Long,LL Corner Lat,LL Corner Long,LR Corner Lat,LR Corner Long,Center Latitude dec,Center Longitude dec,UL Corner Lat dec,UL Corner Long dec,UR Corner Lat dec,UR Corner Long dec,LL Corner Lat dec,LL Corner Long dec,LR Corner Lat dec,LR Corner Long dec,Display ID,Ordering ID,Browse Link
LT05_L1TP_090084_20111107_20161005_01_T1,LT50900842011311ASA00,2011/11/07,LANDSAT_5,T1,1,BUMPER, 090, 084,2016/10/05,2011:311:23:37:44.7670000,2011:311:23:38:11.3796900,ASA,DAY,45,44,149,4,4.461,3.331,2.968,N,,9,N,LPGS_12.8.1,FULL,56.41776309,65.18787084,TM_L1TP,TM,DEFINITIVE,7271,8201,7271,8201,UTM,55,WGS84,WGS84,30,30,LT05CPF_20111001_20111231_01.03,34°37'06.64"S,149°52'41.81"E,33°40'52.28"S,149°07'02.17"E,33°58'03.50"S,151°05'09.85"E,35°15'29.81"S,148°39'09.32"E,35°33'00.29"S,150°39'27.76"E,-34.61851,149.87828,-33.68119,149.11727,-33.96764,151.08607,-35.25828,148.65259,-35.55008,150.65771,LT05_L1TP_090084_20111107_20161005_01_T1,LT50900842011311ASA00,https://earthexplorer.usgs.gov/browse-link/12266/LT50900842011311ASA00
LT05_L1TP_090084_20110920_20161006_01_T1,LT50900842011263ASA00,2011/09/20,LANDSAT_5,T1,1,BUMPER, 090, 084,2016/10/06,2011:263:23:38:29.6985600,2011:263:23:38:56.3113100,ASA,DAY,0,0,218,4,3.629,2.502,2.629,N,,9,N,LPGS_12.8.1,FULL,42.40968627,48.9025949,TM_L1TP,TM,DEFINITIVE,7271,8231,7271,8231,UTM,55,WGS84,WGS84,30,30,LT05CPF_20110701_20110930_01.03,34°37'05.56"S,149°51'20.81"E,33°40'51.20"S,149°05'41.17"E,33°58'02.42"S,151°03'48.85"E,35°15'28.73"S,148°37'48.36"E,35°32'59.21"S,150°38'06.72"E,-34.61821,149.85578,-33.68089,149.09477,-33.96734,151.06357,-35.25798,148.6301,-35.54978,150.6352,LT05_L1TP_090084_20110920_20161006_01_T1,LT50900842011263ASA00,https://earthexplorer.usgs.gov/browse-link/12266/LT50900842011263ASA00
LT05_L1TP_090084_20110904_20161007_01_T1,LT50900842011247ASA00,2011/09/04,LANDSAT_5,T1,1,BUMPER, 090, 084,2016/10/07,2011:247:23:38:43.2578100,2011:247:23:39:09.8706300,ASA,DAY,90,90,37,4,8.311,3.665,7.459,N,,9,N,LPGS_12.8.1,FULL,36.73936311,45.51082634,TM_L1TP,TM,DEFINITIVE,7271,8241,7271,8241,UTM,55,WGS84,WGS84,30,30,LT05CPF_20110701_20110930_01.03,34°37'06.85"S,149°50'43.30"E,33°40'52.50"S,149°05'03.66"E,33°58'03.72"S,151°03'11.34"E,35°15'30.02"S,148°37'10.81"E,35°33'00.50"S,150°37'29.24"E,-34.61857,149.84536,-33.68125,149.08435,-33.9677,151.05315,-35.25834,148.61967,-35.55014,150.62479,LT05_L1TP_090084_20110904_20161007_01_T1,LT50900842011247ASA00,https://earthexplorer.usgs.gov/browse-link/12266/LT50900842011247ASA00
LT05_L1TP_090084_20110413_20161208_01_T1,LT50900842011103ASA00,2011/04/13,LANDSAT_5,T1,1,BUMPER, 090, 084,2016/12/08,2011:103:23:39:49.6020600,2011:103:23:40:16.2148100,ASA,DAY,26,25,167,4,3.818,2.651,2.748,N,,9,N,LPGS_12.8.2,FULL,34.91974578,44.0477832,TM_L1TP,TM,DEFINITIVE,7271,8191,7271,8191,UTM,55,WGS84,WGS84,30,30,LT05CPF_20110401_20110630_01.03,34°36'41.72"S,149°50'47.08"E,33°40'27.41"S,149°05'07.62"E,33°57'38.56"S,151°03'14.76"E,35°15'04.93"S,148°37'14.99"E,35°32'35.38"S,150°37'32.81"E,-34.61159,149.84641,-33.67428,149.08545,-33.96071,151.0541,-35.25137,148.62083,-35.54316,150.62578,LT05_L1TP_090084_20110413_20161208_01_T1,LT50900842011103ASA00,https://earthexplorer.usgs.gov/browse-link/12266/LT50900842011103ASA00
LT05_L1TP_090084_20110328_20161208_01_T1,LT50900842011087ASA00,2011/03/28,LANDSAT_5,T1,1,BUMPER, 090, 084,2016/12/08,2011:087:23:39:53.9986900,2011:087:23:40:20.6113800,ASA,DAY,31,31,92,4,3.829,2.526,2.878,N,,9,N,LPGS_12.8.2,FULL,39.07303471,49.72391003,TM_L1TP,TM,DEFINITIVE,7271,8191,7271,8191,UTM,55,WGS84,WGS84,30,30,LT05CPF_20110101_20110331_01.03,34°36'52.67"S,149°50'44.52"E,33°40'38.32"S,149°05'04.99"E,33°57'49.54"S,151°03'12.35"E,35°15'15.84"S,148°37'12.25"E,35°32'46.32"S,150°37'30.36"E,-34.61463,149.8457,-33.67731,149.08472,-33.96376,151.05343,-35.2544,148.62007,-35.5462,150.6251,LT05_L1TP_090084_20110328_20161208_01_T1,LT50900842011087ASA00,https://earthexplorer.usgs.gov/browse-link/12266/LT50900842011087ASA00
LT05_L1TP_090084_20110312_20161209_01_T1,LT50900842011071ASA00,2011/03/12,LANDSAT_5,T1,1,BUMPER, 090, 084,2016/12/09,2011:071:23:39:59.1768100,2011:071:23:40:25.7895600,ASA,DAY,1,1,192,4,3.804,2.545,2.827,N,,9,N,LPGS_12.8.2,FULL,43.06272501,56.38765604,TM_L1TP,TM,DEFINITIVE,7271,8211,7271,8211,UTM,55,WGS84,WGS84,30,30,LT05CPF_20110101_20110331_01.03,34°36'46.33"S,149°50'16.44"E,33°40'32.02"S,149°04'36.95"E,33°57'43.16"S,151°02'44.16"E,35°15'09.54"S,148°36'44.28"E,35°32'39.98"S,150°37'02.21"E,-34.61287,149.8379,-33.67556,149.07693,-33.96199,151.0456,-35.25265,148.6123,-35.54444,150.61728,LT05_L1TP_090084_20110312_20161209_01_T1,LT50900842011071ASA00,https://earthexplorer.usgs.gov/browse-link/12266/LT50900842011071ASA00
LT05_L1TP_090084_20110224_20161010_01_T1,LT50900842011055ASA00,2011/02/24,LANDSAT_5,T1,1,BUMPER, 090, 084,2016/10/10,2011:055:23:40:02.9492500,2011:055:23:40:29.5620000,ASA,DAY,78,79,47,4,4.803,3.051,3.71,N,,9,N,LPGS_12.8.1,FULL,46.75164758,63.45566971,TM_L1TP,TM,DEFINITIVE,7271,8211,7271,8211,UTM,55,WGS84,WGS84,30,30,LT05CPF_20110101_20110331_01.03,34°36'28.76"S,149°49'53.40"E,33°40'14.45"S,149°04'14.02"E,33°57'25.56"S,151°02'20.87"E,35°14'52.01"S,148°36'21.53"E,35°32'22.38"S,150°36'39.02"E,-34.60799,149.8315,-33.67068,149.07056,-33.9571,151.03913,-35.24778,148.60598,-35.53955,150.61084,LT05_L1TP_090084_20110224_20161010_01_T1,LT50900842011055ASA00,https://earthexplorer.usgs.gov/browse-link/12266/LT50900842011055ASA00
LT05_L1TP_090084_20110107_20161010_01_T1,LT50900842011007ASA00,2011/01/07,LANDSAT_5,T1,1,BUMPER, 090, 084,2016/10/10,2011:007:23:40:00.0535600,2011:007:23:40:26.6663800,ASA,DAY,59,57,64,4,5.355,4.056,3.497,N,,9,N,LPGS_12.8.1,FULL,55.6986145,78.87011402,TM_L1TP,TM,DEFINITIVE,7271,8211,7271,8211,UTM,55,WGS84,WGS84,30,30,LT05CPF_20110101_20110331_01.03,34°36'37.87"S,149°50'04.16"E,33°40'23.56"S,149°04'24.74"E,33°57'34.70"S,151°02'31.78"E,35°15'01.08"S,148°36'32.15"E,35°32'31.49"S,150°36'49.86"E,-34.61052,149.83449,-33.67321,149.07354,-33.95964,151.04216,-35.2503,148.60893,-35.54208,150.61385,LT05_L1TP_090084_20110107_20161010_01_T1,LT50900842011007ASA00,https://earthexplorer.usgs.gov/browse-link/12266/LT50900842011007ASA00
LT05_L1TP_090084_20101222_20161011_01_T1,LT50900842010356ASA00,2010/12/22,LANDSAT_5,T1,1,BUMPER, 090, 084,2016/10/11,2010:356:23:39:57.3628100,2010:356:23:40:23.9755600,ASA,DAY,12,12,137,4,4.283,3.255,2.783,N,,9,N,LPGS_12.8.1,FULL,57.75624587,79.12973282,TM_L1TP,TM,DEFINITIVE,7271,8201,7271,8201,UTM,55,WGS84,WGS84,30,30,LT05CPF_20101001_20101231_01.03,34°36'58.10"S,149°49'55.42"E,33°40'43.75"S,149°04'15.85"E,33°57'54.97"S,151°02'23.32"E,35°15'21.28"S,148°36'23.08"E,35°32'51.76"S,150°36'41.29"E,-34.61614,149.83206,-33.67882,149.07107,-33.96527,151.03981,-35.25591,148.60641,-35.54771,150.61147,LT05_L1TP_090084_20101222_20161011_01_T1,LT50900842010356ASA00,https://earthexplorer.usgs.gov/browse-link/12266/LT50900842010356ASA00
LT05_L1TP_090084_20101120_20161012_01_T1,LT50900842010324ASA00,2010/11/20,LANDSAT_5,T1,1,BUMPER, 090, 084,2016/10/12,2010:324:23:39:52.8410000,2010:324:23:40:19.4536900,ASA,DAY,0,0,166,4,4.382,3.15,3.046,N,,9,N,LPGS_12.8.1,FULL,58.44996907,70.3661574,TM_L1TP,TM,DEFINITIVE,7261,8201,7261,8201,UTM,55,WGS84,WGS84,30,30,LT05CPF_20101001_20101231_01.03,34°36'23.58"S,149°48'58.10"E,33°40'09.26"S,149°03'18.76"E,33°57'20.38"S,151°01'25.50"E,35°14'46.82"S,148°35'26.30"E,35°32'17.20"S,150°35'43.69"E,-34.60655,149.81614,-33.66924,149.05521,-33.95566,151.02375,-35.24634,148.59064,-35.53811,150.59547,LT05_L1TP_090084_20101120_20161012_01_T1,LT50900842010324ASA00,https://earthexplorer.usgs.gov/browse-link/12266/LT50900842010324ASA00
LT05_L1GS_090084_20101104_20161012_01_T2,LT50900842010308ASA00,2010/11/04,LANDSAT_5,T2,1,BUMPER, 090, 084,2016/10/12,2010:308:23:39:53.8966300,2010:308:23:40:20.5093800,ASA,DAY,92,92,-1,-1,,,,N,,9,N,LPGS_12.8.1,FULL,56.25406402,63.540753,TM_L1GS,TM,DEFINITIVE,7261,8211,7261,8211,UTM,55,WGS84,WGS84,30,30,LT05CPF_20101001_20101231_01.03,34°35'59.89"S,149°47'21.08"E,33°39'45.61"S,149°01'41.92"E,33°56'56.65"S,150°59'48.12"E,35°14'23.21"S,148°33'49.68"E,35°31'53.47"S,150°34'06.49"E,-34.59997,149.78919,-33.66267,149.02831,-33.94907,150.9967,-35.23978,148.5638,-35.53152,150.56847,LT05_L1GS_090084_20101104_20161012_01_T2,LT50900842010308ASA00,https://earthexplorer.usgs.gov/browse-link/12266/LT50900842010308ASA00
LT05_L1TP_090084_20101019_20161012_01_T1,LT50900842010292ASA00,2010/10/19,LANDSAT_5,T1,1,BUMPER, 090, 084,2016/10/12,2010:292:23:39:59.2526900,2010:292:23:40:25.8654400,ASA,DAY,3,3,145,4,4.139,3.056,2.791,N,,9,N,LPGS_12.8.1,FULL,52.40480701,57.11695298,TM_L1TP,TM,DEFINITIVE,7271,8221,7271,8221,UTM,55,WGS84,WGS84,30,30,LT05CPF_20101001_20101231_01.03,34°36'15.01"S,149°48'38.45"E,33°40'00.73"S,149°02'59.17"E,33°57'11.81"S,151°01'05.70"E,35°14'38.29"S,148°35'06.79"E,35°32'08.63"S,150°35'23.96"E,-34.60417,149.81068,-33.66687,149.04977,-33.95328,151.01825,-35.24397,148.58522,-35.53573,150.58999,LT05_L1TP_090084_20101019_20161012_01_T1,LT50900842010292ASA00,https://earthexplorer.usgs.gov/browse-link/12266/LT50900842010292ASA00
LT05_L1GS_090084_20101003_20161012_01_T2,LT50900842010276ASA00,2010/10/03,LANDSAT_5,T2,1,BUMPER, 090, 084,2016/10/12,2010:276:23:40:08.5404400,2010:276:23:40:35.1532500,ASA,DAY,90,90,-1,-1,,,,N,,9,N,LPGS_12.8.1,FULL,47.33381605,51.90507536,TM_L1GS,TM,DEFINITIVE,7261,8221,7261,8221,UTM,55,WGS84,WGS84,30,30,LT05CPF_20101001_20101231_01.03,34°36'35.14"S,149°48'41.51"E,33°40'20.82"S,149°03'02.09"E,33°57'31.97"S,151°01'09.08"E,35°14'58.38"S,148°35'09.53"E,35°32'28.75"S,150°35'27.20"E,-34.60976,149.81153,-33.67245,149.05058,-33.95888,151.01919,-35.24955,148.58598,-35.54132,150.59089,LT05_L1GS_090084_20101003_20161012_01_T2,LT50900842010276ASA00,https://earthexplorer.usgs.gov/browse-link/12266/LT50900842010276ASA00
LT05_L1GS_090084_20100426_20161015_01_T2,LT50900842010116ASA00,2010/04/26,LANDSAT_5,T2,1,BUMPER, 090, 084,2016/10/15,2010:116:23:40:54.3473100,2010:116:23:41:20.9600000,ASA,DAY,100,100,-1,-1,,,,N,,9,N,LPGS_12.8.1,FULL,31.6954844,40.07641644,TM_L1GS,TM,DEFINITIVE,7261,8181,7261,8181,UTM,55,WGS84,WGS84,30,30,LT05CPF_20100401_20100630_01.03,34°37'00.01"S,149°49'57.11"E,33°40'45.66"S,149°04'17.51"E,33°57'56.88"S,151°02'25.04"E,35°15'23.18"S,148°36'24.73"E,35°32'53.66"S,150°36'42.98"E,-34.61667,149.83253,-33.67935,149.07153,-33.9658,151.04029,-35.25644,148.60687,-35.54824,150.61194,LT05_L1GS_090084_20100426_20161015_01_T2,LT50900842010116ASA00,https://earthexplorer.usgs.gov/browse-link/12266/LT50900842010116ASA00
LT05_L1TP_090084_20100410_20161016_01_T1,LT50900842010100ASA00,2010/04/10,LANDSAT_5,T1,1,BUMPER, 090, 084,2016/10/16,2010:100:23:40:58.9015600,2010:100:23:41:25.5142500,ASA,DAY,48,46,124,4,4.165,2.811,3.073,N,,9,N,LPGS_12.8.1,FULL,35.79535355,44.67428806,TM_L1TP,TM,DEFINITIVE,7281,8191,7281,8191,UTM,55,WGS84,WGS84,30,30,LT05CPF_20100401_20100630_01.03,34°36'36.58"S,149°49'23.74"E,33°40'22.26"S,149°03'44.32"E,33°57'33.41"S,151°01'51.31"E,35°14'59.82"S,148°35'51.72"E,35°32'30.19"S,150°36'09.43"E,-34.61016,149.82326,-33.67285,149.06231,-33.95928,151.03092,-35.24995,148.5977,-35.54172,150.60262,LT05_L1TP_090084_20100410_20161016_01_T1,LT50900842010100ASA00,https://earthexplorer.usgs.gov/browse-link/12266/LT50900842010100ASA00
LT05_L1TP_090084_20100325_20161016_01_T1,LT50900842010084ASA00,2010/03/25,LANDSAT_5,T1,1,BUMPER, 090, 084,2016/10/16,2010:084:23:41:01.1624400,2010:084:23:41:27.7751300,ASA,DAY,1,1,197,4,3.863,2.455,2.982,N,,9,N,LPGS_12.8.1,FULL,39.94108352,50.56968941,TM_L1TP,TM,DEFINITIVE,7271,8211,7271,8211,UTM,55,WGS84,WGS84,30,30,LT05CPF_20100101_20100331_01.03,34°36'25.78"S,149°49'08.15"E,33°40'11.46"S,149°03'28.80"E,33°57'22.57"S,151°01'35.58"E,35°14'49.02"S,148°35'36.31"E,35°32'19.39"S,150°35'53.77"E,-34.60716,149.81893,-33.66985,149.058,-33.95627,151.02655,-35.24695,148.59342,-35.53872,150.59827,LT05_L1TP_090084_20100325_20161016_01_T1,LT50900842010084ASA00,https://earthexplorer.usgs.gov/browse-link/12266/LT50900842010084ASA00
LT05_L1TP_090084_20100221_20161016_01_T1,LT50900842010052ASA00,2010/02/21,LANDSAT_5,T1,1,BUMPER, 090, 084,2016/10/16,2010:052:23:41:00.4167500,2010:052:23:41:27.0295000,ASA,DAY,7,6,179,4,4.06,2.839,2.902,N,,9,N,LPGS_12.8.1,FULL,47.51312984,64.45353553,TM_L1TP,TM,DEFINITIVE,7271,8221,7271,8221,UTM,55,WGS84,WGS84,30,30,LT05CPF_20100101_20100331_01.03,34°36'22.14"S,149°48'57.28"E,33°40'07.82"S,149°03'17.96"E,33°57'18.94"S,151°01'24.64"E,35°14'45.38"S,148°35'25.51"E,35°32'15.76"S,150°35'42.86"E,-34.60615,149.81591,-33.66884,149.05499,-33.95526,151.02351,-35.24594,148.59042,-35.53771,150.59524,LT05_L1TP_090084_20100221_20161016_01_T1,LT50900842010052ASA00,https://earthexplorer.usgs.gov/browse-link/12266/LT50900842010052ASA00
LT05_L1GS_090084_20100205_20161017_01_T2,LT50900842010036ASA00,2010/02/05,LANDSAT_5,T2,1,BUMPER, 090, 084,2016/10/17,2010:036:23:40:57.5783800,2010:036:23:41:24.1911300,ASA,DAY,90,91,-1,-1,,,,N,,9,N,LPGS_12.8.1,FULL,50.78457259,71.03411387,TM_L1GS,TM,DEFINITIVE,7271,8211,7271,8211,UTM,55,WGS84,WGS84,30,30,LT05CPF_20100101_20100331_01.03,34°36'27.22"S,149°48'57.42"E,33°40'12.90"S,149°03'18.07"E,33°57'24.01"S,151°01'24.85"E,35°14'50.46"S,148°35'25.58"E,35°32'20.83"S,150°35'43.04"E,-34.60756,149.81595,-33.67025,149.05502,-33.95667,151.02357,-35.24735,148.59044,-35.53912,150.59529,LT05_L1GS_090084_20100205_20161017_01_T2,LT50900842010036ASA00,https://earthexplorer.usgs.gov/browse-link/12266/LT50900842010036ASA00
LT05_L1TP_090084_20100120_20161017_01_T1,LT50900842010020ASA00,2010/01/20,LANDSAT_5,T1,1,BUMPER, 090, 084,2016/10/17,2010:020:23:40:53.5410600,2010:020:23:41:20.1538100,ASA,DAY,0,0,203,4,4.343,3.23,2.903,N,,9,N,LPGS_12.8.1,FULL,53.70923898,76.19138541,TM_L1TP,TM,DEFINITIVE,7271,8191,7271,8191,UTM,55,WGS84,WGS84,30,30,LT05CPF_20100101_20100331_01.03,34°36'45.72"S,149°48'51.52"E,33°40'31.40"S,149°03'12.02"E,33°57'42.55"S,151°01'19.24"E,35°15'08.93"S,148°35'19.36"E,35°32'39.37"S,150°35'37.28"E,-34.6127,149.81431,-33.67539,149.05334,-33.96182,151.02201,-35.25248,148.58871,-35.54427,150.59369,LT05_L1TP_090084_20100120_20161017_01_T1,LT50900842010020ASA00,https://earthexplorer.usgs.gov/browse-link/12266/LT50900842010020ASA00
LT05_L1TP_090084_20091101_20161018_01_T1,LT50900842009305ASA00,2009/11/01,LANDSAT_5,T1,1,BUMPER, 090, 084,2016/10/18,2009:305:23:40:20.5061900,2009:305:23:40:47.1188800,ASA,DAY,41,43,147,4,4.307,3.185,2.9,N,,9,N,LPGS_12.8.1,FULL,55.78459559,62.23337702,TM_L1TP,TM,DEFINITIVE,7271,8211,7271,8211,UTM,55,WGS84,WGS84,30,30,LT05CPF_20091001_20091231_01.03,34°36'12.10"S,149°48'15.23"E,33°39'57.82"S,149°02'35.99"E,33°57'08.86"S,151°00'42.44"E,35°14'35.38"S,148°34'43.61"E,35°32'05.71"S,150°35'00.74"E,-34.60336,149.80423,-33.66606,149.04333,-33.95246,151.01179,-35.24316,148.57878,-35.53492,150.58354,LT05_L1TP_090084_20091101_20161018_01_T1,LT50900842009305ASA00,https://earthexplorer.usgs.gov/browse-link/12266/LT50900842009305ASA00
LT05_L1TP_090084_20091016_20161024_01_T1,LT50900842009289ASA00,2009/10/16,LANDSAT_5,T1,1,BUMPER, 090, 084,2016/10/24,2009:289:23:40:11.6965600,2009:289:23:40:38.3093100,ASA,DAY,12,12,121,4,4.365,3.113,3.06,N,,9,N,LPGS_12.8.2,FULL,51.62431964,56.08924796,TM_L1TP,TM,DEFINITIVE,7271,8201,7271,8201,UTM,55,WGS84,WGS84,30,30,LT05CPF_20091001_20091231_01.03,34°36'13.43"S,149°47'59.75"E,33°39'59.15"S,149°02'20.47"E,33°57'10.19"S,151°00'27.00"E,35°14'36.71"S,148°34'28.13"E,35°32'07.04"S,150°34'45.26"E,-34.60373,149.79993,-33.66643,149.03902,-33.95283,151.0075,-35.24353,148.57448,-35.53529,150.57924,LT05_L1TP_090084_20091016_20161024_01_T1,LT50900842009289ASA00,https://earthexplorer.usgs.gov/browse-link/12266/LT50900842009289ASA00
LT05_L1TP_090084_20090930_20161019_01_T1,LT50900842009273ASA00,2009/09/30,LANDSAT_5,T1,1,BUMPER, 090, 084,2016/10/19,2009:273:23:40:01.3486300,2009:273:23:40:27.9613800,ASA,DAY,15,17,115,4,3.766,2.796,2.523,N,,9,N,LPGS_12.8.1,FULL,46.35045175,51.19496857,TM_L1TP,TM,DEFINITIVE,7281,8191,7281,8191,UTM,55,WGS84,WGS84,30,30,LT05CPF_20090701_20090930_01.03,34°36'28.12"S,149°47'50.06"E,33°40'13.80"S,149°02'10.72"E,33°57'24.91"S,151°00'17.53"E,35°14'51.36"S,148°34'18.19"E,35°32'21.73"S,150°34'35.69"E,-34.60781,149.79724,-33.6705,149.03631,-33.95692,151.00487,-35.2476,148.57172,-35.53937,150.57658,LT05_L1TP_090084_20090930_20161019_01_T1,LT50900842009273ASA00,https://earthexplorer.usgs.gov/browse-link/12266/LT50900842009273ASA00
LT05_L1TP_090084_20090914_20161020_01_T1,LT50900842009257ASA00,2009/09/14,LANDSAT_5,T1,1,BUMPER, 090, 084,2016/10/20,2009:257:23:39:49.5828800,2009:257:23:40:16.1956900,ASA,DAY,16,16,104,4,4.254,3.184,2.821,N,,9,N,LPGS_12.8.2,FULL,40.59983566,47.39639267,TM_L1TP,TM,DEFINITIVE,7271,8181,7271,8181,UTM,55,WGS84,WGS84,30,30,LT05CPF_20090701_20090930_01.03,34°36'21.06"S,149°47'50.75"E,33°40'06.78"S,149°02'11.44"E,33°57'17.86"S,151°00'18.11"E,35°14'44.34"S,148°34'18.98"E,35°32'14.68"S,150°34'36.34"E,-34.60585,149.79743,-33.66855,149.03651,-33.95496,151.00503,-35.24565,148.57194,-35.53741,150.57676,LT05_L1TP_090084_20090914_20161020_01_T1,LT50900842009257ASA00,https://earthexplorer.usgs.gov/browse-link/12266/LT50900842009257ASA00
LT05_L1TP_090084_20090829_20161022_01_T1,LT50900842009241ASA00,2009/08/29,LANDSAT_5,T1,1,BUMPER, 090, 084,2016/10/22,2009:241:23:39:36.6295600,2009:241:23:40:03.2424400,ASA,DAY,35,34,132,4,4.107,2.663,3.127,N,,9,N,LPGS_12.8.2,FULL,34.96647389,44.33029568,TM_L1TP,TM,DEFINITIVE,7271,8181,7271,8181,UTM,55,WGS84,WGS84,30,30,LT05CPF_20090701_20090930_01.03,34°36'26.75"S,149°47'50.75"E,33°40'12.43"S,149°02'11.40"E,33°57'23.54"S,151°00'18.18"E,35°14'49.99"S,148°34'18.91"E,35°32'20.36"S,150°34'36.37"E,-34.60743,149.79743,-33.67012,149.0365,-33.95654,151.00505,-35.24722,148.57192,-35.53899,150.57677,LT05_L1TP_090084_20090829_20161022_01_T1,LT50900842009241ASA00,https://earthexplorer.usgs.gov/browse-link/12266/LT50900842009241ASA00
LT05_L1TP_090084_20090728_20161023_01_T1,LT50900842009209ASA00,2009/07/28,LANDSAT_5,T1,1,BUMPER, 090, 084,2016/10/23,2009:209:23:39:08.5368100,2009:209:23:39:35.1496900,ASA,DAY,57,55,126,4,4.353,3.034,3.122,N,,9,N,LPGS_12.8.2,FULL,26.08523881,39.37355806,TM_L1TP,TM,DEFINITIVE,7281,8211,7281,8211,UTM,55,WGS84,WGS84,30,30,LT05CPF_20090701_20090930_01.03,34°36'13.54"S,149°47'44.45"E,33°39'59.26"S,149°02'05.17"E,33°57'10.33"S,151°00'11.70"E,35°14'36.82"S,148°34'12.83"E,35°32'07.15"S,150°34'29.96"E,-34.60376,149.79568,-33.66646,149.03477,-33.95287,151.00325,-35.24356,148.57023,-35.53532,150.57499,LT05_L1TP_090084_20090728_20161023_01_T1,LT50900842009209ASA00,https://earthexplorer.usgs.gov/browse-link/12266/LT50900842009209ASA00
LT05_L1TP_090084_20090712_20161024_01_T1,LT50900842009193ASA00,2009/07/12,LANDSAT_5,T1,1,BUMPER, 090, 084,2016/10/24,2009:193:23:38:53.3864400,2009:193:23:39:19.9993100,ASA,DAY,42,41,120,4,5.119,4.004,3.189,N,,9,N,LPGS_12.8.2,FULL,23.58084018,37.41493195,TM_L1TP,TM,DEFINITIVE,7281,8211,7281,8211,UTM,55,WGS84,WGS84,30,30,LT05CPF_20090701_20090930_01.03,34°36'03.49"S,149°47'40.42"E,33°39'49.21"S,149°02'01.21"E,33°57'00.25"S,151°00'07.49"E,35°14'26.81"S,148°34'08.94"E,35°31'57.07"S,150°34'25.86"E,-34.60097,149.79456,-33.66367,149.03367,-33.95007,151.00208,-35.24078,148.56915,-35.53252,150.57385,LT05_L1TP_090084_20090712_20161024_01_T1,LT50900842009193ASA00,https://earthexplorer.usgs.gov/browse-link/12266/LT50900842009193ASA00
LT05_L1TP_090084_20090626_20161024_01_T1,LT50900842009177ASA00,2009/06/26,LANDSAT_5,T1,1,BUMPER, 090, 084,2016/10/24,2009:177:23:38:36.6378800,2009:177:23:39:03.2507500,ASA,DAY,46,46,70,4,6.391,5.458,3.324,N,,9,N,LPGS_12.8.2,FULL,22.62391084,36.03439825,TM_L1TP,TM,DEFINITIVE,7281,8211,7281,8211,UTM,55,WGS84,WGS84,30,30,LT05CPF_20090526_20090630_01.03,34°36'04.82"S,149°47'48.59"E,33°39'50.54"S,149°02'09.38"E,33°57'01.58"S,151°00'15.70"E,35°14'28.14"S,148°34'17.11"E,35°31'58.40"S,150°34'34.03"E,-34.60134,149.79683,-33.66404,149.03594,-33.95044,151.00436,-35.24115,148.57142,-35.53289,150.57612,LT05_L1TP_090084_20090626_20161024_01_T1,LT50900842009177ASA00,https://earthexplorer.usgs.gov/browse-link/12266/LT50900842009177ASA00
LT05_L1TP_090084_20090509_20161026_01_T1,LT50900842009129ASA00,2009/05/09,LANDSAT_5,T1,1,BUMPER, 090, 084,2016/10/26,2009:129:23:37:44.0173800,2009:129:23:38:10.6301900,ASA,DAY,52,54,40,4,4.582,3.057,3.413,N,,9,N,LPGS_12.8.2,FULL,28.18876211,38.13232119,TM_L1TP,TM,DEFINITIVE,7281,8171,7281,8171,UTM,55,WGS84,WGS84,30,30,LT05CPF_20090401_20090525_01.03,34°36'28.04"S,149°48'06.77"E,33°40'13.73"S,149°02'27.42"E,33°57'24.84"S,151°00'34.24"E,35°14'51.29"S,148°34'34.90"E,35°32'21.66"S,150°34'52.39"E,-34.60779,149.80188,-33.67048,149.04095,-33.9569,151.00951,-35.24758,148.57636,-35.53935,150.58122,LT05_L1TP_090084_20090509_20161026_01_T1,LT50900842009129ASA00,https://earthexplorer.usgs.gov/browse-link/12266/LT50900842009129ASA00
LT05_L1TP_090084_20090423_20161026_01_T1,LT50900842009113ASA00,2009/04/23,LANDSAT_5,T1,1,BUMPER, 090, 084,2016/10/26,2009:113:23:37:25.9555600,2009:113:23:37:52.5683800,ASA,DAY,90,90,91,4,4.46,3.098,3.208,N,,9,N,LPGS_12.8.2,FULL,31.90645193,41.63253114,TM_L1TP,TM,DEFINITIVE,7281,8181,7281,8181,UTM,55,WGS84,WGS84,30,30,LT05CPF_20090401_20090525_01.03,34°36'11.81"S,149°48'11.77"E,33°39'57.53"S,149°02'32.53"E,33°57'08.57"S,151°00'38.99"E,35°14'35.09"S,148°34'40.15"E,35°32'05.42"S,150°34'57.29"E,-34.60328,149.80327,-33.66598,149.04237,-33.95238,151.01083,-35.24308,148.57782,-35.53484,150.58258,LT05_L1TP_090084_20090423_20161026_01_T1,LT50900842009113ASA00,https://earthexplorer.usgs.gov/browse-link/12266/LT50900842009113ASA00
LT05_L1TP_090084_20090407_20161026_01_T1,LT50900842009097ASA00,2009/04/07,LANDSAT_5,T1,1,BUMPER, 090, 084,2016/10/27,2009:097:23:37:07.8792500,2009:097:23:37:34.4920600,ASA,DAY,1,2,197,4,4.027,2.67,3.015,N,,9,N,LPGS_12.8.2,FULL,35.93185094,46.58499681,TM_L1TP,TM,DEFINITIVE,7281,8201,7281,8201,UTM,55,WGS84,WGS84,30,30,LT05CPF_20090401_20090525_01.03,34°36'11.56"S,149°48'04.61"E,33°39'57.28"S,149°02'25.37"E,33°57'08.32"S,151°00'31.82"E,35°14'34.84"S,148°34'33.02"E,35°32'05.17"S,150°34'50.12"E,-34.60321,149.80128,-33.66591,149.04038,-33.95231,151.00884,-35.24301,148.57584,-35.53477,150.58059,LT05_L1TP_090084_20090407_20161026_01_T1,LT50900842009097ASA00,https://earthexplorer.usgs.gov/browse-link/12266/LT50900842009097ASA00
LT05_L1TP_090084_20090306_20161027_01_T1,LT50900842009065ASA00,2009/03/06,LANDSAT_5,T1,1,BUMPER, 090, 084,2016/10/27,2009:065:23:36:25.7680000,2009:065:23:36:52.3807500,ASA,DAY,2,2,171,4,4.39,3.249,2.953,N,,9,N,LPGS_12.8.2,FULL,43.72123658,59.71988429,TM_L1TP,TM,DEFINITIVE,7271,8211,7271,8211,UTM,55,WGS84,WGS84,30,30,LT05CPF_20090101_20090331_01.03,34°36'20.23"S,149°48'27.18"E,33°40'05.95"S,149°02'47.87"E,33°57'17.03"S,151°00'54.50"E,35°14'43.51"S,148°34'55.45"E,35°32'13.85"S,150°35'12.73"E,-34.60562,149.80755,-33.66832,149.04663,-33.95473,151.01514,-35.24542,148.58207,-35.53718,150.58687,LT05_L1TP_090084_20090306_20161027_01_T1,LT50900842009065ASA00,https://earthexplorer.usgs.gov/browse-link/12266/LT50900842009065ASA00
LT05_L1TP_090084_20090218_20161027_01_T1,LT50900842009049ASA00,2009/02/18,LANDSAT_5,T1,1,BUMPER, 090, 084,2016/10/27,2009:049:23:36:02.5923100,2009:049:23:36:29.2050600,ASA,DAY,21,21,158,4,3.983,2.934,2.693,N,,9,N,LPGS_12.8.2,FULL,47.16193109,66.80845998,TM_L1TP,TM,DEFINITIVE,7271,8191,7271,8191,UTM,55,WGS84,WGS84,30,30,LT05CPF_20090101_20090331_01.03,34°36'32.15"S,149°48'38.30"E,33°40'17.83"S,149°02'58.92"E,33°57'28.94"S,151°01'05.81"E,35°14'55.39"S,148°35'06.36"E,35°32'25.76"S,150°35'23.96"E,-34.60893,149.81064,-33.67162,149.0497,-33.95804,151.01828,-35.24872,148.5851,-35.54049,150.58999,LT05_L1TP_090084_20090218_20161027_01_T1,LT50900842009049ASA00,https://earthexplorer.usgs.gov/browse-link/12266/LT50900842009049ASA00
LT05_L1TP_090084_20090202_20161028_01_T1,LT50900842009033ASA02,2009/02/02,LANDSAT_5,T1,1,BUMPER, 090, 084,2016/10/28,2009:033:23:35:38.2001900,2009:033:23:36:04.8129400,ASA,DAY,27,29,120,4,4.073,2.762,2.994,N,,9,N,LPGS_12.8.2,FULL,50.26488354,73.21371606,TM_L1TP,TM,DEFINITIVE,7271,8181,7271,8181,UTM,55,WGS84,WGS84,30,30,LT05CPF_20090101_20090331_01.03,34°36'17.75"S,149°48'52.20"E,33°40'03.47"S,149°03'12.92"E,33°57'14.54"S,151°01'19.49"E,35°14'41.03"S,148°35'20.51"E,35°32'11.36"S,150°35'37.75"E,-34.60493,149.8145,-33.66763,149.05359,-33.95404,151.02208,-35.24473,148.58903,-35.53649,150.59382,LT05_L1TP_090084_20090202_20161028_01_T1,LT50900842009033ASA02,https://earthexplorer.usgs.gov/browse-link/12266/LT50900842009033ASA02
LT05_L1TP_090084_20090117_20161028_01_T1,LT50900842009017ASA00,2009/01/17,LANDSAT_5,T1,1,BUMPER, 090, 084,2016/10/28,2009:017:23:35:12.6883800,2009:017:23:35:39.3011300,ASA,DAY,0,0,200,4,4.486,3.458,2.858,N,,9,N,LPGS_12.8.2,FULL,53.04202967,78.01911105,TM_L1TP,TM,DEFINITIVE,7281,8171,7281,8171,UTM,55,WGS84,WGS84,30,30,LT05CPF_20090101_20090331_01.03,34°36'40.86"S,149°48'55.08"E,33°40'26.54"S,149°03'15.62"E,33°57'37.69"S,151°01'22.73"E,35°15'04.07"S,148°35'23.03"E,35°32'34.51"S,150°35'40.81"E,-34.61135,149.8153,-33.67404,149.05434,-33.96047,151.02298,-35.25113,148.58973,-35.54292,150.59467,LT05_L1TP_090084_20090117_20161028_01_T1,LT50900842009017ASA00,https://earthexplorer.usgs.gov/browse-link/12266/LT50900842009017ASA00
LT05_L1TP_090084_20090101_20161028_01_T1,LT50900842009001ASA00,2009/01/01,LANDSAT_5,T1,1,BUMPER, 090, 084,2016/10/28,2009:001:23:34:47.4041900,2009:001:23:35:14.0168100,ASA,DAY,16,18,114,4,4.163,3.298,2.54,N,,9,N,LPGS_12.8.2,FULL,55.41589534,80.37140129,TM_L1TP,TM,DEFINITIVE,7271,8181,7271,8181,UTM,55,WGS84,WGS84,30,30,LT05CPF_20090101_20090331_01.03,34°36'30.60"S,149°48'44.35"E,33°40'16.28"S,149°03'04.97"E,33°57'27.40"S,151°01'11.86"E,35°14'53.84"S,148°35'12.44"E,35°32'24.22"S,150°35'30.01"E,-34.6085,149.81232,-33.67119,149.05138,-33.95761,151.01996,-35.24829,148.58679,-35.54006,150.59167,LT05_L1TP_090084_20090101_20161028_01_T1,LT50900842009001ASA00,https://earthexplorer.usgs.gov/browse-link/12266/LT50900842009001ASA00
LT05_L1TP_090084_20081216_20161028_01_T1,LT50900842008351ASA00,2008/12/16,LANDSAT_5,T1,1,BUMPER, 090, 084,2016/10/28,2008:351:23:34:21.5904400,2008:351:23:34:48.2031300,ASA,DAY,64,65,99,4,4.316,3.142,2.959,N,,9,N,LPGS_12.8.2,FULL,57.1224383,79.61934233,TM_L1TP,TM,DEFINITIVE,7281,8201,7281,8201,UTM,55,WGS84,WGS84,30,30,LT05CPF_20081001_20081231_01.03,34°36'19.73"S,149°48'27.00"E,33°40'05.45"S,149°02'47.69"E,33°57'16.52"S,151°00'54.32"E,35°14'43.01"S,148°34'55.27"E,35°32'13.34"S,150°35'12.55"E,-34.60548,149.8075,-33.66818,149.04658,-33.95459,151.01509,-35.24528,148.58202,-35.53704,150.58682,LT05_L1TP_090084_20081216_20161028_01_T1,LT50900842008351ASA00,https://earthexplorer.usgs.gov/browse-link/12266/LT50900842008351ASA00
LT05_L1TP_090084_20081130_20161028_01_T1,LT50900842008335HOA01,2008/11/30,LANDSAT_5,T1,1,BUMPER, 090, 084,2016/10/28,2008:335:23:33:52.3942500,2008:335:23:34:19.0069400,HOA,DAY,8,8,198,4,4.313,3.041,3.058,N,,9,N,LPGS_12.8.2,FULL,57.6920356,75.74392644,TM_L1TP,TM,DEFINITIVE,7271,8201,7271,8201,UTM,55,WGS84,WGS84,30,30,LT05CPF_20081001_20081231_01.03,34°36'21.82"S,149°48'45.61"E,33°40'07.54"S,149°03'06.30"E,33°57'18.61"S,151°01'12.97"E,35°14'45.06"S,148°35'13.85"E,35°32'15.43"S,150°35'31.20"E,-34.60606,149.81267,-33.66876,149.05175,-33.95517,151.02027,-35.24585,148.58718,-35.53762,150.592,LT05_L1TP_090084_20081130_20161028_01_T1,LT50900842008335HOA01,https://earthexplorer.usgs.gov/browse-link/12266/LT50900842008335HOA01
LT05_L1TP_090084_20081114_20161028_01_T1,LT50900842008319ASA00,2008/11/14,LANDSAT_5,T1,1,BUMPER, 090, 084,2016/10/28,2008:319:23:33:20.2606900,2008:319:23:33:46.8734400,ASA,DAY,52,53,37,4,4.084,3.038,2.729,N,,9,N,LPGS_12.8.2,FULL,56.65613792,69.69662938,TM_L1TP,TM,DEFINITIVE,7281,8211,7281,8211,UTM,55,WGS84,WGS84,30,30,LT05CPF_20081001_20081231_01.03,34°36'41.29"S,149°49'31.80"E,33°40'26.98"S,149°03'52.34"E,33°57'38.12"S,151°01'59.45"E,35°15'04.50"S,148°35'59.71"E,35°32'34.94"S,150°36'17.53"E,-34.61147,149.8255,-33.67416,149.06454,-33.96059,151.03318,-35.25125,148.59992,-35.54304,150.60487,LT05_L1TP_090084_20081114_20161028_01_T1,LT50900842008319ASA00,https://earthexplorer.usgs.gov/browse-link/12266/LT50900842008319ASA00
LT05_L1TP_090084_20081029_20161029_01_T1,LT50900842008303ASA00,2008/10/29,LANDSAT_5,T1,1,BUMPER, 090, 084,2016/10/29,2008:303:23:33:39.9549400,2008:303:23:34:06.5676300,ASA,DAY,59,60,127,4,4.199,2.953,2.985,N,,9,N,LPGS_12.8.2,FULL,53.99094108,62.8765771,TM_L1TP,TM,DEFINITIVE,7261,8201,7261,8201,UTM,55,WGS84,WGS84,30,30,LT05CPF_20081001_20081231_01.03,34°36'50.22"S,149°50'33.18"E,33°40'35.87"S,149°04'53.65"E,33°57'47.05"S,151°03'00.97"E,35°15'13.43"S,148°37'00.95"E,35°32'43.87"S,150°37'18.98"E,-34.61395,149.84255,-33.67663,149.08157,-33.96307,151.05027,-35.25373,148.61693,-35.54552,150.62194,LT05_L1TP_090084_20081029_20161029_01_T1,LT50900842008303ASA00,https://earthexplorer.usgs.gov/browse-link/12266/LT50900842008303ASA00
LT05_L1TP_090084_20080927_20161029_01_T1,LT50900842008271ASA00,2008/09/27,LANDSAT_5,T1,1,BUMPER, 090, 084,2016/10/29,2008:271:23:34:43.9961300,2008:271:23:35:10.6088100,ASA,DAY,1,1,219,4,3.795,2.603,2.761,N,,9,N,LPGS_12.8.2,FULL,44.56148788,51.82009343,TM_L1TP,TM,DEFINITIVE,7261,8141,7261,8141,UTM,55,WGS84,WGS84,30,30,LT05CPF_20080701_20080930_01.03,34°37'05.81"S,149°50'53.66"E,33°40'51.46"S,149°05'14.03"E,33°58'02.68"S,151°03'21.71"E,35°15'28.98"S,148°37'21.18"E,35°32'59.46"S,150°37'39.61"E,-34.61828,149.84824,-33.68096,149.08723,-33.96741,151.05603,-35.25805,148.62255,-35.54985,150.62767,LT05_L1TP_090084_20080927_20161029_01_T1,LT50900842008271ASA00,https://earthexplorer.usgs.gov/browse-link/12266/LT50900842008271ASA00
LT05_L1TP_090084_20080319_20161101_01_T1,LT50900842008079ASA00,2008/03/19,LANDSAT_5,T1,1,, 090, 084,2016/11/01,2008:079:23:40:00.3794400,2008:079:23:40:26.9921900,ASA,DAY,16,15,202,4,3.882,2.655,2.832,N,,9,N,LPGS_12.8.2,FULL,41.19614117,53.0258586,TM_L1TP,TM,DEFINITIVE,7261,8211,7261,8211,UTM,55,WGS84,WGS84,30,30,LT05CPF_20080101_20080331_01.03,34°37'02.39"S,149°52'52.50"E,33°40'48.04"S,149°07'12.90"E,33°57'59.26"S,151°05'20.47"E,35°15'25.56"S,148°39'20.09"E,35°32'56.04"S,150°39'38.41"E,-34.61733,149.88125,-33.68001,149.12025,-33.96646,151.08902,-35.2571,148.65558,-35.5489,150.66067,LT05_L1TP_090084_20080319_20161101_01_T1,LT50900842008079ASA00,https://earthexplorer.usgs.gov/browse-link/12266/LT50900842008079ASA00
LT05_L1TP_090084_20080303_20161101_01_T1,LT50900842008063ASA00,2008/03/03,LANDSAT_5,T1,1,, 090, 084,2016/11/01,2008:063:23:40:19.7451300,2008:063:23:40:46.3578800,ASA,DAY,0,0,213,4,3.798,2.587,2.781,N,,9,N,LPGS_12.8.2,FULL,45.09697607,59.89452054,TM_L1TP,TM,DEFINITIVE,7271,8171,7271,8171,UTM,55,WGS84,WGS84,30,30,LT05CPF_20080101_20080331_01.03,34°37'29.53"S,149°53'26.81"E,33°41'15.14"S,149°07'46.99"E,33°58'26.44"S,151°05'55.21"E,35°15'52.63"S,148°39'53.96"E,35°33'23.22"S,150°40'12.94"E,-34.62487,149.89078,-33.68754,149.12972,-33.97401,151.09867,-35.26462,148.66499,-35.55645,150.67026,LT05_L1TP_090084_20080303_20161101_01_T1,LT50900842008063ASA00,https://earthexplorer.usgs.gov/browse-link/12266/LT50900842008063ASA00
LT05_L1TP_090084_20080216_20161101_01_T1,LT50900842008047ASA00,2008/02/16,LANDSAT_5,T1,1,, 090, 084,2016/11/01,2008:047:23:40:37.6920000,2008:047:23:41:04.3046900,ASA,DAY,82,83,30,4,4.315,3.183,2.913,N,,9,N,LPGS_12.8.2,FULL,48.66021517,66.81637767,TM_L1TP,TM,DEFINITIVE,7271,8141,7271,8141,UTM,55,WGS84,WGS84,30,30,LT05CPF_20080101_20080331_01.03,34°37'24.89"S,149°54'09.07"E,33°41'10.50"S,149°08'29.29"E,33°58'21.79"S,151°06'37.40"E,35°15'47.99"S,148°40'36.30"E,35°33'18.58"S,150°40'55.16"E,-34.62358,149.90252,-33.68625,149.14147,-33.97272,151.11039,-35.26333,148.67675,-35.55516,150.68199,LT05_L1TP_090084_20080216_20161101_01_T1,LT50900842008047ASA00,https://earthexplorer.usgs.gov/browse-link/12266/LT50900842008047ASA00
LT05_L1TP_090084_20080115_20161102_01_T1,LT50900842008015ASA01,2008/01/15,LANDSAT_5,T1,1,BUMPER, 090, 084,2016/11/02,2008:015:23:41:11.9245000,2008:015:23:41:38.5371300,ASA,DAY,43,42,105,4,4.269,3.012,3.025,N,,9,N,LPGS_12.8.2,FULL,54.77393993,77.29848745,TM_L1TP,TM,DEFINITIVE,7261,8151,7261,8151,UTM,55,WGS84,WGS84,30,30,LT05CPF_20080101_20080331_01.03,34°37'47.32"S,149°54'48.46"E,33°41'32.89"S,149°09'08.53"E,33°58'44.26"S,151°07'17.11"E,35°16'10.38"S,148°41'15.32"E,35°33'41.04"S,150°41'34.73"E,-34.62981,149.91346,-33.69247,149.15237,-33.97896,151.12142,-35.26955,148.68759,-35.5614,150.69298,LT05_L1TP_090084_20080115_20161102_01_T1,LT50900842008015ASA01,https://earthexplorer.usgs.gov/browse-link/12266/LT50900842008015ASA01
LT05_L1TP_090084_20070925_20161111_01_T1,LT50900842007268ASA00,2007/09/25,LANDSAT_5,T1,1,, 090, 084,2016/11/11,2007:268:23:43:04.6175600,2007:268:23:43:31.2305000,ASA,DAY,28,28,70,4,4.382,2.809,3.363,N,,9,N,LPGS_12.8.2,FULL,44.9131785,48.83697009,TM_L1TP,TM,DEFINITIVE,7261,8141,7261,8141,UTM,55,WGS84,WGS84,30,30,LT05CPF_20070726_20070930_01.03,34°37'06.28"S,149°51'50.54"E,33°40'51.92"S,149°06'10.91"E,33°58'03.14"S,151°04'18.59"E,35°15'29.45"S,148°38'18.06"E,35°32'59.93"S,150°38'36.49"E,-34.61841,149.86404,-33.68109,149.10303,-33.96754,151.07183,-35.25818,148.63835,-35.54998,150.64347,LT05_L1TP_090084_20070925_20161111_01_T1,LT50900842007268ASA00,https://earthexplorer.usgs.gov/browse-link/12266/LT50900842007268ASA00
LT05_L1TP_090084_20070909_20161111_01_T1,LT50900842007252ASA00,2007/09/09,LANDSAT_5,T1,1,, 090, 084,2016/11/11,2007:252:23:43:13.1413800,2007:252:23:43:39.7542500,ASA,DAY,12,11,210,4,3.569,2.385,2.655,N,,9,N,LPGS_12.8.2,FULL,39.16353884,45.29035909,TM_L1TP,TM,DEFINITIVE,7271,8181,7271,8181,UTM,55,WGS84,WGS84,30,30,LT05CPF_20070726_20070930_01.03,34°37'13.73"S,149°52'18.16"E,33°40'59.34"S,149°06'38.48"E,33°58'10.63"S,151°04'46.31"E,35°15'36.86"S,148°38'45.56"E,35°33'07.42"S,150°39'04.14"E,-34.62048,149.87171,-33.68315,149.11069,-33.96962,151.07953,-35.26024,148.64599,-35.55206,150.65115,LT05_L1TP_090084_20070909_20161111_01_T1,LT50900842007252ASA00,https://earthexplorer.usgs.gov/browse-link/12266/LT50900842007252ASA00
LT05_L1TP_090084_20070824_20161112_01_T1,LT50900842007236ASA00,2007/08/24,LANDSAT_5,T1,1,, 090, 084,2016/11/12,2007:236:23:43:20.9640000,2007:236:23:43:47.5769400,ASA,DAY,59,61,101,4,4.697,3.152,3.483,N,,9,N,LPGS_12.8.2,FULL,33.72389914,42.37092252,TM_L1TP,TM,DEFINITIVE,7271,8211,7271,8211,UTM,55,WGS84,WGS84,30,30,LT05CPF_20070726_20070930_01.03,34°37'15.89"S,149°52'41.20"E,33°41'01.50"S,149°07'01.49"E,33°58'12.79"S,151°05'09.38"E,35°15'39.02"S,148°39'08.57"E,35°33'09.58"S,150°39'27.22"E,-34.62108,149.87811,-33.68375,149.11708,-33.97022,151.08594,-35.26084,148.65238,-35.55266,150.65756,LT05_L1TP_090084_20070824_20161112_01_T1,LT50900842007236ASA00,https://earthexplorer.usgs.gov/browse-link/12266/LT50900842007236ASA00
LT05_L1TP_090084_20070808_20161111_01_T1,LT50900842007220ASA00,2007/08/08,LANDSAT_5,T1,1,, 090, 084,2016/11/11,2007:220:23:43:31.2736900,2007:220:23:43:57.8865600,ASA,DAY,43,46,87,4,4.168,2.962,2.933,N,,9,N,LPGS_12.8.2,FULL,29.09374895,39.81938403,TM_L1TP,TM,DEFINITIVE,7271,8221,7271,8221,UTM,55,WGS84,WGS84,30,30,LT05CPF_20070726_20070930_01.03,34°37'07.93"S,149°52'14.34"E,33°40'53.58"S,149°06'34.70"E,33°58'04.80"S,151°04'42.42"E,35°15'31.07"S,148°38'41.86"E,35°33'01.58"S,150°39'00.29"E,-34.61887,149.87065,-33.68155,149.10964,-33.968,151.07845,-35.25863,148.64496,-35.55044,150.65008,LT05_L1TP_090084_20070808_20161111_01_T1,LT50900842007220ASA00,https://earthexplorer.usgs.gov/browse-link/12266/LT50900842007220ASA00
LT05_L1TP_090084_20070723_20161112_01_T1,LT50900842007204ASA00,2007/07/23,LANDSAT_5,T1,1,, 090, 084,2016/11/12,2007:204:23:43:39.9866900,2007:204:23:44:06.5995000,ASA,DAY,75,74,131,4,4.132,3.092,2.741,N,,9,N,LPGS_12.8.2,FULL,25.66122971,37.57287836,TM_L1TP,TM,DEFINITIVE,7271,8191,7271,8191,UTM,55,WGS84,WGS84,30,30,LT05CPF_20070701_20070725_01.03,34°37'15.71"S,149°51'57.96"E,33°41'01.32"S,149°06'18.25"E,33°58'12.61"S,151°04'26.15"E,35°15'38.84"S,148°38'25.33"E,35°33'09.40"S,150°38'43.98"E,-34.62103,149.8661,-33.6837,149.10507,-33.97017,151.07393,-35.26079,148.64037,-35.55261,150.64555,LT05_L1TP_090084_20070723_20161112_01_T1,LT50900842007204ASA00,https://earthexplorer.usgs.gov/browse-link/12266/LT50900842007204ASA00
LT05_L1TP_090084_20070707_20161112_01_T1,LT50900842007188ASA00,2007/07/07,LANDSAT_5,T1,1,, 090, 084,2016/11/12,2007:188:23:43:47.5242500,2007:188:23:44:14.1370600,ASA,DAY,70,71,67,4,4.132,3.308,2.476,N,,9,N,LPGS_12.8.2,FULL,23.6984807,35.72899466,TM_L1TP,TM,DEFINITIVE,7271,8151,7271,8151,UTM,55,WGS84,WGS84,30,30,LT05CPF_20070701_20070725_01.03,34°37'16.25"S,149°51'51.16"E,33°41'01.86"S,149°06'11.45"E,33°58'13.15"S,151°04'19.34"E,35°15'39.38"S,148°38'18.53"E,35°33'09.94"S,150°38'37.18"E,-34.62118,149.86421,-33.68385,149.10318,-33.97032,151.07204,-35.26094,148.63848,-35.55276,150.64366,LT05_L1TP_090084_20070707_20161112_01_T1,LT50900842007188ASA00,https://earthexplorer.usgs.gov/browse-link/12266/LT50900842007188ASA00
LT05_L1TP_090084_20070621_20161112_01_T1,LT50900842007172ASA00,2007/06/21,LANDSAT_5,T1,1,, 090, 084,2016/11/12,2007:172:23:43:59.3130000,2007:172:23:44:25.9257500,ASA,DAY,1,1,197,4,5.108,4.17,2.95,N,,9,N,LPGS_12.8.2,FULL,23.3204624,34.52987263,TM_L1TP,TM,DEFINITIVE,7271,8121,7271,8121,UTM,55,WGS84,WGS84,30,30,LT05CPF_20070401_20070630_01.03,34°36'40.14"S,149°50'40.70"E,33°40'25.82"S,149°05'01.25"E,33°57'36.97"S,151°03'08.35"E,35°15'03.35"S,148°37'08.65"E,35°32'33.76"S,150°37'26.44"E,-34.61115,149.84464,-33.67384,149.08368,-33.96027,151.05232,-35.25093,148.61907,-35.54271,150.62401,LT05_L1TP_090084_20070621_20161112_01_T1,LT50900842007172ASA00,https://earthexplorer.usgs.gov/browse-link/12266/LT50900842007172ASA00
LT05_L1TP_090084_20070520_20161115_01_T1,LT50900842007140ASA00,2007/05/20,LANDSAT_5,T1,1,, 090, 084,2016/11/15,2007:140:23:44:31.9253800,2007:140:23:44:58.5381300,ASA,DAY,40,39,75,4,4.822,3.763,3.015,N,,9,N,LPGS_12.8.2,FULL,26.89280944,35.20728082,TM_L1TP,TM,DEFINITIVE,7261,8151,7261,8151,UTM,55,WGS84,WGS84,30,30,LT05CPF_20070401_20070630_01.03,34°35'41.39"S,149°45'45.58"E,33°39'27.14"S,149°00'06.55"E,33°56'38.11"S,150°58'12.32"E,35°14'04.74"S,148°32'14.46"E,35°31'34.93"S,150°32'30.84"E,-34.59483,149.76266,-33.65754,149.00182,-33.94392,150.97009,-35.23465,148.53735,-35.52637,150.5419,LT05_L1TP_090084_20070520_20161115_01_T1,LT50900842007140ASA00,https://earthexplorer.usgs.gov/browse-link/12266/LT50900842007140ASA00
LT05_L1TP_090084_20070504_20161115_01_T1,LT50900842007124ASA00,2007/05/04,LANDSAT_5,T1,1,, 090, 084,2016/11/15,2007:124:23:44:43.2946300,2007:124:23:45:09.9074400,ASA,DAY,11,11,192,4,4.078,2.869,2.898,N,,9,N,LPGS_12.8.2,FULL,30.28925839,37.56921842,TM_L1TP,TM,DEFINITIVE,7261,8191,7261,8191,UTM,55,WGS84,WGS84,30,30,LT05CPF_20070401_20070630_01.03,34°35'52.69"S,149°44'13.88"E,33°39'38.45"S,148°58'34.75"E,33°56'49.42"S,150°56'40.81"E,35°14'16.01"S,148°30'42.59"E,35°31'46.27"S,150°30'59.22"E,-34.59797,149.73719,-33.66068,148.97632,-33.94706,150.94467,-35.23778,148.51183,-35.52952,150.51645,LT05_L1TP_090084_20070504_20161115_01_T1,LT50900842007124ASA00,https://earthexplorer.usgs.gov/browse-link/12266/LT50900842007124ASA00
LT05_L1TP_090084_20070418_20161115_01_T1,LT50900842007108ASA00,2007/04/18,LANDSAT_5,T1,1,, 090, 084,2016/11/15,2007:108:23:44:51.2341300,2007:108:23:45:17.8468800,ASA,DAY,100,100,37,4,7.44,6.525,3.575,N,,9,N,LPGS_12.8.2,FULL,34.28316925,41.42844213,TM_L1TP,TM,DEFINITIVE,7261,8201,7261,8201,UTM,55,WGS84,WGS84,30,30,LT05CPF_20070401_20070630_01.03,34°35'28.54"S,149°43'34.14"E,33°39'14.33"S,148°57'55.19"E,33°56'25.22"S,150°56'00.71"E,35°13'51.92"S,148°30'03.24"E,35°31'22.08"S,150°30'19.30"E,-34.59126,149.72615,-33.65398,148.96533,-33.94034,150.93353,-35.23109,148.5009,-35.5228,150.50536,LT05_L1TP_090084_20070418_20161115_01_T1,LT50900842007108ASA00,https://earthexplorer.usgs.gov/browse-link/12266/LT50900842007108ASA00
LT05_L1TP_090084_20070402_20161116_01_T1,LT50900842007092ASA00,2007/04/02,LANDSAT_5,T1,1,, 090, 084,2016/11/16,2007:092:23:44:56.6174400,2007:092:23:45:23.2301900,ASA,DAY,16,17,143,4,4.055,2.827,2.907,N,,9,N,LPGS_12.8.2,FULL,38.4937495,46.70164325,TM_L1TP,TM,DEFINITIVE,7261,8181,7261,8181,UTM,55,WGS84,WGS84,30,30,LT05CPF_20070401_20070630_01.03,34°35'22.34"S,149°43'15.60"E,33°39'08.14"S,148°57'36.68"E,33°56'19.03"S,150°55'42.06"E,35°13'45.73"S,148°29'44.77"E,35°31'15.89"S,150°30'00.72"E,-34.58954,149.721,-33.65226,148.96019,-33.93862,150.92835,-35.22937,148.49577,-35.52108,150.5002,LT05_L1TP_090084_20070402_20161116_01_T1,LT50900842007092ASA00,https://earthexplorer.usgs.gov/browse-link/12266/LT50900842007092ASA00
LT05_L1TP_090084_20070317_20161116_01_T1,LT50900842007076ASA00,2007/03/17,LANDSAT_5,T1,1,, 090, 084,2016/11/16,2007:076:23:45:00.1551900,2007:076:23:45:26.7679400,ASA,DAY,68,68,66,4,4.15,2.689,3.161,N,,9,N,LPGS_12.8.2,FULL,42.6200702,53.10963058,TM_L1TP,TM,DEFINITIVE,7261,8151,7261,8151,UTM,55,WGS84,WGS84,30,30,LT05CPF_20070101_20070331_01.03,34°35'23.57"S,149°43'05.81"E,33°39'09.36"S,148°57'26.89"E,33°56'20.26"S,150°55'32.30"E,35°13'46.96"S,148°29'34.98"E,35°31'17.11"S,150°29'50.93"E,-34.58988,149.71828,-33.6526,148.95747,-33.93896,150.92564,-35.22971,148.49305,-35.52142,150.49748,LT05_L1TP_090084_20070317_20161116_01_T1,LT50900842007076ASA00,https://earthexplorer.usgs.gov/browse-link/12266/LT50900842007076ASA00
LT05_L1TP_090084_20070301_20161116_01_T1,LT50900842007060ASA00,2007/03/01,LANDSAT_5,T1,1,, 090, 084,2016/11/16,2007:060:23:45:02.4048800,2007:060:23:45:29.0176900,ASA,DAY,15,14,103,4,4.316,3.165,2.935,N,,9,N,LPGS_12.8.2,FULL,46.46111462,60.16117514,TM_L1TP,TM,DEFINITIVE,7251,8121,7251,8121,UTM,55,WGS84,WGS84,30,30,LT05CPF_20070101_20070331_01.03,34°35'26.99"S,149°42'56.16"E,33°39'12.78"S,148°57'17.24"E,33°56'23.68"S,150°55'22.69"E,35°13'50.38"S,148°29'25.26"E,35°31'20.53"S,150°29'41.32"E,-34.59083,149.7156,-33.65355,148.95479,-33.93991,150.92297,-35.23066,148.49035,-35.52237,150.49481,LT05_L1TP_090084_20070301_20161116_01_T1,LT50900842007060ASA00,https://earthexplorer.usgs.gov/browse-link/12266/LT50900842007060ASA00
LT05_L1TP_090084_20070213_20161116_01_T1,LT50900842007044ASA00,2007/02/13,LANDSAT_5,T1,1,, 090, 084,2016/11/16,2007:044:23:45:03.0721900,2007:044:23:45:29.6849400,ASA,DAY,12,12,106,4,4.416,3.504,2.687,N,,9,N,LPGS_12.8.2,FULL,49.94886248,67.1393778,TM_L1TP,TM,DEFINITIVE,7241,8131,7241,8131,UTM,55,WGS84,WGS84,30,30,LT05CPF_20070101_20070331_01.03,34°35'11.90"S,149°42'51.66"E,33°38'57.70"S,148°57'12.82"E,33°56'08.56"S,150°55'17.98"E,35°13'35.33"S,148°29'21.01"E,35°31'05.41"S,150°29'36.67"E,-34.58664,149.71435,-33.64936,148.95356,-33.93571,150.92166,-35.22648,148.48917,-35.51817,150.49352,LT05_L1TP_090084_20070213_20161116_01_T1,LT50900842007044ASA00,https://earthexplorer.usgs.gov/browse-link/12266/LT50900842007044ASA00
LT05_L1TP_090084_20070128_20161117_01_T1,LT50900842007028ASA00,2007/01/28,LANDSAT_5,T1,1,, 090, 084,2016/11/17,2007:028:23:45:01.6648100,2007:028:23:45:28.2775600,ASA,DAY,5,5,137,4,4.348,3.285,2.848,N,,9,N,LPGS_12.8.2,FULL,53.07024561,73.16349704,TM_L1TP,TM,DEFINITIVE,7261,8141,7261,8141,UTM,55,WGS84,WGS84,30,30,LT05CPF_20070101_20070331_01.03,34°35'09.06"S,149°42'56.16"E,33°38'54.85"S,148°57'17.35"E,33°56'05.71"S,150°55'22.44"E,35°13'32.48"S,148°29'25.55"E,35°31'02.57"S,150°29'41.17"E,-34.58585,149.7156,-33.64857,148.95482,-33.93492,150.9229,-35.22569,148.49043,-35.51738,150.49477,LT05_L1TP_090084_20070128_20161117_01_T1,LT50900842007028ASA00,https://earthexplorer.usgs.gov/browse-link/12266/LT50900842007028ASA00
LT05_L1TP_090084_20070112_20161117_01_T1,LT50900842007012ASA00,2007/01/12,LANDSAT_5,T1,1,, 090, 084,2016/11/17,2007:012:23:44:57.5137500,2007:012:23:45:24.1263800,ASA,DAY,12,12,122,4,4.599,3.582,2.884,N,,9,N,LPGS_12.8.2,FULL,55.83622034,77.25756154,TM_L1TP,TM,DEFINITIVE,7261,8181,7261,8181,UTM,55,WGS84,WGS84,30,30,LT05CPF_20070101_20070331_01.03,34°35'15.25"S,149°43'20.86"E,33°39'01.04"S,148°57'42.01"E,33°56'11.90"S,150°55'47.21"E,35°13'38.68"S,148°29'50.17"E,35°31'08.80"S,150°30'05.90"E,-34.58757,149.72246,-33.65029,148.96167,-33.93664,150.92978,-35.22741,148.49727,-35.51911,150.50164,LT05_L1TP_090084_20070112_20161117_01_T1,LT50900842007012ASA00,https://earthexplorer.usgs.gov/browse-link/12266/LT50900842007012ASA00
LT05_L1TP_090084_20061227_20161117_01_T1,LT50900842006361ASA00,2006/12/27,LANDSAT_5,T1,1,, 090, 084,2016/11/17,2006:361:23:44:51.1967500,2006:361:23:45:17.8095000,ASA,DAY,8,8,96,4,4.612,3.677,2.784,N,,9,N,LPGS_12.8.2,FULL,58.10112877,78.52046487,TM_L1TP,TM,DEFINITIVE,7261,8201,7261,8201,UTM,55,WGS84,WGS84,30,30,LT05CPF_20061127_20061231_01.03,34°35'50.64"S,149°43'57.72"E,33°39'36.40"S,148°58'18.62"E,33°56'47.36"S,150°56'24.61"E,35°14'13.96"S,148°30'26.46"E,35°31'44.22"S,150°30'43.06"E,-34.5974,149.7327,-33.66011,148.97184,-33.94649,150.94017,-35.23721,148.50735,-35.52895,150.51196,LT05_L1TP_090084_20061227_20161117_01_T1,LT50900842006361ASA00,https://earthexplorer.usgs.gov/browse-link/12266/LT50900842006361ASA00
LT05_L1GS_090084_20061211_20161117_01_T2,LT50900842006345ASA00,2006/12/11,LANDSAT_5,T2,1,, 090, 084,2016/11/17,2006:345:23:44:43.8892500,2006:345:23:45:10.5020000,ASA,DAY,86,86,-1,-1,,,,N,,9,N,LPGS_12.8.2,FULL,59.54094557,76.41807406,TM_L1GS,TM,DEFINITIVE,7261,8191,7261,8191,UTM,55,WGS84,WGS84,30,30,LT05CPF_20061127_20061231_01.03,34°35'49.63"S,149°44'44.70"E,33°39'35.39"S,148°59'05.60"E,33°56'46.36"S,150°57'11.59"E,35°14'12.98"S,148°31'13.44"E,35°31'43.21"S,150°31'30.04"E,-34.59712,149.74575,-33.65983,148.98489,-33.94621,150.95322,-35.23694,148.5204,-35.52867,150.52501,LT05_L1GS_090084_20061211_20161117_01_T2,LT50900842006345ASA00,https://earthexplorer.usgs.gov/browse-link/12266/LT50900842006345ASA00
LT05_L1TP_090084_20061125_20161118_01_T1,LT50900842006329ASA00,2006/11/25,LANDSAT_5,T1,1,, 090, 084,2016/11/18,2006:329:23:44:35.7492500,2006:329:23:45:02.3620000,ASA,DAY,50,51,65,4,4.778,3.588,3.155,N,,9,N,LPGS_12.8.2,FULL,59.63067768,71.25149471,TM_L1TP,TM,DEFINITIVE,7261,8161,7261,8161,UTM,55,WGS84,WGS84,30,30,LT05CPF_20061023_20061126_01.03,34°36'01.98"S,149°45'31.46"E,33°39'47.70"S,148°59'52.30"E,33°56'58.74"S,150°57'58.54"E,35°14'25.30"S,148°32'00.02"E,35°31'55.56"S,150°32'16.87"E,-34.60055,149.75874,-33.66325,148.99786,-33.94965,150.96626,-35.24036,148.53334,-35.5321,150.53802,LT05_L1TP_090084_20061125_20161118_01_T1,LT50900842006329ASA00,https://earthexplorer.usgs.gov/browse-link/12266/LT50900842006329ASA00
LT05_L1TP_090084_20061109_20161117_01_T1,LT50900842006313ASA00,2006/11/09,LANDSAT_5,T1,1,, 090, 084,2016/11/17,2006:313:23:44:27.3663800,2006:313:23:44:53.9791300,ASA,DAY,3,3,181,4,4.378,3.15,3.04,N,,9,N,LPGS_12.8.2,FULL,57.96245491,64.4362112,TM_L1TP,TM,DEFINITIVE,7251,8131,7251,8131,UTM,55,WGS84,WGS84,30,30,LT05CPF_20061023_20061126_01.03,34°36'00.36"S,149°46'12.00"E,33°39'46.08"S,149°00'32.83"E,33°56'57.12"S,150°58'39.04"E,35°14'23.68"S,148°32'40.60"E,35°31'53.94"S,150°32'57.41"E,-34.6001,149.77,-33.6628,149.00912,-33.9492,150.97751,-35.23991,148.54461,-35.53165,150.54928,LT05_L1TP_090084_20061109_20161117_01_T1,LT50900842006313ASA00,https://earthexplorer.usgs.gov/browse-link/12266/LT50900842006313ASA00
LT05_L1TP_090084_20061024_20161118_01_T1,LT50900842006297ASA00,2006/10/24,LANDSAT_5,T1,1,, 090, 084,2016/11/18,2006:297:23:44:18.5196900,2006:297:23:44:45.1325000,ASA,DAY,61,61,49,4,5.103,3.441,3.768,N,,9,N,LPGS_12.8.2,FULL,54.50478816,57.76365685,TM_L1TP,TM,DEFINITIVE,7261,8121,7261,8121,UTM,55,WGS84,WGS84,30,30,LT05CPF_20061023_20061126_01.03,34°36'00.68"S,149°46'48.04"E,33°39'46.40"S,149°01'08.87"E,33°56'57.44"S,150°59'15.07"E,35°14'24.00"S,148°33'16.60"E,35°31'54.26"S,150°33'33.44"E,-34.60019,149.78001,-33.66289,149.01913,-33.94929,150.98752,-35.24,148.55461,-35.53174,150.55929,LT05_L1TP_090084_20061024_20161118_01_T1,LT50900842006297ASA00,https://earthexplorer.usgs.gov/browse-link/12266/LT50900842006297ASA00
LT05_L1TP_090084_20061008_20161118_01_T1,LT50900842006281ASA00,2006/10/08,LANDSAT_5,T1,1,, 090, 084,2016/11/18,2006:281:23:44:09.1835000,2006:281:23:44:35.7963100,ASA,DAY,3,3,197,4,4.029,2.933,2.762,N,,9,N,LPGS_12.8.2,FULL,49.65618174,52.25282785,TM_L1TP,TM,DEFINITIVE,7251,8141,7251,8141,UTM,55,WGS84,WGS84,30,30,LT05CPF_20061001_20061022_01.03,34°36'13.46"S,149°47'11.69"E,33°39'59.18"S,149°01'32.41"E,33°57'10.26"S,150°59'38.94"E,35°14'36.74"S,148°33'40.07"E,35°32'07.08"S,150°33'57.20"E,-34.60374,149.78658,-33.66644,149.02567,-33.95285,150.99415,-35.24354,148.56113,-35.5353,150.56589,LT05_L1TP_090084_20061008_20161118_01_T1,LT50900842006281ASA00,https://earthexplorer.usgs.gov/browse-link/12266/LT50900842006281ASA00
LT05_L1TP_090084_20060922_20161118_01_T1,LT50900842006265ASA00,2006/09/22,LANDSAT_5,T1,1,, 090, 084,2016/11/18,2006:265:23:43:58.7631300,2006:265:23:44:25.3760600,ASA,DAY,0,0,217,4,3.946,2.798,2.782,N,,9,N,LPGS_12.8.2,FULL,44.02518013,48.01273663,TM_L1TP,TM,DEFINITIVE,7271,8171,7271,8171,UTM,55,WGS84,WGS84,30,30,LT05CPF_20060816_20060930_01.03,34°36'19.19"S,149°47'36.10"E,33°40'04.91"S,149°01'56.78"E,33°57'15.98"S,151°00'03.42"E,35°14'42.47"S,148°34'04.37"E,35°32'12.80"S,150°34'21.65"E,-34.60533,149.79336,-33.66803,149.03244,-33.95444,151.00095,-35.24513,148.56788,-35.53689,150.57268,LT05_L1TP_090084_20060922_20161118_01_T1,LT50900842006265ASA00,https://earthexplorer.usgs.gov/browse-link/12266/LT50900842006265ASA00
LT05_L1GS_090084_20060906_20161119_01_T2,LT50900842006249ASA00,2006/09/06,LANDSAT_5,T2,1,, 090, 084,2016/11/19,2006:249:23:43:47.2847500,2006:249:23:44:13.8976900,ASA,DAY,82,81,-1,-1,,,,N,,9,N,LPGS_12.8.2,FULL,38.23767031,44.69924253,TM_L1GS,TM,DEFINITIVE,7271,8201,7271,8201,UTM,55,WGS84,WGS84,30,30,LT05CPF_20060816_20060930_01.03,34°36'10.73"S,149°48'01.69"E,33°39'56.45"S,149°02'22.45"E,33°57'07.49"S,151°00'28.87"E,35°14'34.01"S,148°34'30.11"E,35°32'04.31"S,150°34'47.17"E,-34.60298,149.80047,-33.66568,149.03957,-33.95208,151.00802,-35.24278,148.57503,-35.53453,150.57977,LT05_L1GS_090084_20060906_20161119_01_T2,LT50900842006249ASA00,https://earthexplorer.usgs.gov/browse-link/12266/LT50900842006249ASA00
LT05_L1TP_090084_20060821_20161119_01_T1,LT50900842006233ASA00,2006/08/21,LANDSAT_5,T1,1,, 090, 084,2016/11/19,2006:233:23:43:35.3096900,2006:233:23:44:01.9226300,ASA,DAY,0,0,218,4,3.727,2.491,2.772,N,,9,N,LPGS_12.8.2,FULL,32.85305782,41.9344521,TM_L1TP,TM,DEFINITIVE,7271,8201,7271,8201,UTM,55,WGS84,WGS84,30,30,LT05CPF_20060816_20060930_01.03,34°36'31.00"S,149°48'13.75"E,33°40'16.68"S,149°02'34.37"E,33°57'27.79"S,151°00'41.26"E,35°14'54.24"S,148°34'41.84"E,35°32'24.61"S,150°34'59.41"E,-34.60861,149.80382,-33.6713,149.04288,-33.95772,151.01146,-35.2484,148.57829,-35.54017,150.58317,LT05_L1TP_090084_20060821_20161119_01_T1,LT50900842006233ASA00,https://earthexplorer.usgs.gov/browse-link/12266/LT50900842006233ASA00
LT05_L1TP_090084_20060805_20161119_01_T1,LT50900842006217ASA00,2006/08/05,LANDSAT_5,T1,1,, 090, 084,2016/11/19,2006:217:23:43:23.0956900,2006:217:23:43:49.7086300,ASA,DAY,28,29,116,4,4.396,3.161,3.055,N,,9,N,LPGS_12.8.2,FULL,28.35895148,39.51079597,TM_L1TP,TM,DEFINITIVE,7261,8171,7261,8171,UTM,55,WGS84,WGS84,30,30,LT05CPF_20060701_20060815_01.03,34°36'36.25"S,149°48'19.48"E,33°40'21.94"S,149°02'40.06"E,33°57'33.08"S,151°00'47.05"E,35°14'59.50"S,148°34'47.50"E,35°32'29.87"S,150°35'05.17"E,-34.61007,149.80541,-33.67276,149.04446,-33.95919,151.01307,-35.24986,148.57986,-35.54163,150.58477,LT05_L1TP_090084_20060805_20161119_01_T1,LT50900842006217ASA00,https://earthexplorer.usgs.gov/browse-link/12266/LT50900842006217ASA00
LT05_L1TP_090084_20060720_20161120_01_T1,LT50900842006201ASA00,2006/07/20,LANDSAT_5,T1,1,, 090, 084,2016/11/20,2006:201:23:43:10.4478800,2006:201:23:43:37.0607500,ASA,DAY,67,67,42,4,3.953,2.912,2.673,N,,9,N,LPGS_12.8.2,FULL,25.13256086,37.38837167,TM_L1TP,TM,DEFINITIVE,7261,8141,7261,8141,UTM,55,WGS84,WGS84,30,30,LT05CPF_20060701_20060815_01.03,34°36'16.52"S,149°48'24.59"E,33°40'02.24"S,149°02'45.31"E,33°57'13.32"S,151°00'51.88"E,35°14'39.80"S,148°34'52.90"E,35°32'10.14"S,150°35'10.14"E,-34.60459,149.80683,-33.66729,149.04592,-33.9537,151.01441,-35.24439,148.58136,-35.53615,150.58615,LT05_L1TP_090084_20060720_20161120_01_T1,LT50900842006201ASA00,https://earthexplorer.usgs.gov/browse-link/12266/LT50900842006201ASA00
LT05_L1TP_090084_20060704_20161120_01_T1,LT50900842006185ASA00,2006/07/04,LANDSAT_5,T1,1,, 090, 084,2016/11/20,2006:185:23:42:57.5080600,2006:185:23:43:24.1210000,ASA,DAY,27,26,145,4,4.463,3.309,2.995,N,,9,N,LPGS_12.8.2,FULL,23.3962291,35.70714537,TM_L1TP,TM,DEFINITIVE,7271,8121,7271,8121,UTM,55,WGS84,WGS84,30,30,LT05CPF_20060701_20060815_01.03,34°36'37.26"S,149°48'19.91"E,33°40'22.94"S,149°02'40.49"E,33°57'34.09"S,151°00'47.52"E,35°15'00.47"S,148°34'47.89"E,35°32'30.88"S,150°35'05.60"E,-34.61035,149.80553,-33.67304,149.04458,-33.95947,151.0132,-35.25013,148.57997,-35.54191,150.58489,LT05_L1TP_090084_20060704_20161120_01_T1,LT50900842006185ASA00,https://earthexplorer.usgs.gov/browse-link/12266/LT50900842006185ASA00
LT05_L1TP_090084_20060618_20161121_01_T1,LT50900842006169ASA02,2006/06/18,LANDSAT_5,T1,1,BUMPER, 090, 084,2016/11/21,2006:169:23:42:42.7882500,2006:169:23:43:09.4011900,ASA,DAY,39,38,84,4,4.946,3.67,3.316,N,,9,N,LPGS_12.8.2,FULL,23.25244718,34.71024562,TM_L1TP,TM,DEFINITIVE,7271,8131,7271,8131,UTM,55,WGS84,WGS84,30,30,LT05CPF_20060401_20060630_01.03,34°36'21.49"S,149°48'42.95"E,33°40'07.21"S,149°03'03.64"E,33°57'18.29"S,151°01'10.31"E,35°14'44.74"S,148°35'11.18"E,35°32'15.11"S,150°35'28.54"E,-34.60597,149.81193,-33.66867,149.05101,-33.95508,151.01953,-35.24576,148.58644,-35.53753,150.59126,LT05_L1TP_090084_20060618_20161121_01_T1,LT50900842006169ASA02,https://earthexplorer.usgs.gov/browse-link/12266/LT50900842006169ASA02
LT05_L1TP_090084_20060602_20161121_01_T1,LT50900842006153ASA00,2006/06/02,LANDSAT_5,T1,1,, 090, 084,2016/11/21,2006:153:23:42:28.2445600,2006:153:23:42:54.8574400,ASA,DAY,37,39,75,4,4.142,2.969,2.888,N,,9,N,LPGS_12.8.2,FULL,24.57689468,34.71710924,TM_L1TP,TM,DEFINITIVE,7261,8161,7261,8161,UTM,55,WGS84,WGS84,30,30,LT05CPF_20060401_20060630_01.03,34°36'45.97"S,149°48'50.26"E,33°40'31.66"S,149°03'10.76"E,33°57'42.80"S,151°01'17.98"E,35°15'09.18"S,148°35'18.10"E,35°32'39.62"S,150°35'36.02"E,-34.61277,149.81396,-33.67546,149.05299,-33.96189,151.02166,-35.25255,148.58836,-35.54434,150.59334,LT05_L1TP_090084_20060602_20161121_01_T1,LT50900842006153ASA00,https://earthexplorer.usgs.gov/browse-link/12266/LT50900842006153ASA00
LT05_L1TP_090084_20060517_20161122_01_T1,LT50900842006137ASA01,2006/05/17,LANDSAT_5,T1,1,BUMPER, 090, 084,2016/11/22,2006:137:23:42:13.6483800,2006:137:23:42:40.2612500,ASA,DAY,34,33,162,4,4.119,2.984,2.839,N,,9,N,LPGS_12.8.2,FULL,27.15700191,35.98511852,TM_L1TP,TM,DEFINITIVE,7271,8191,7271,8191,UTM,55,WGS84,WGS84,30,30,LT05CPF_20060401_20060630_01.03,34°36'30.64"S,149°49'01.13"E,33°40'16.32"S,149°03'21.74"E,33°57'27.43"S,151°01'28.63"E,35°14'53.88"S,148°35'29.22"E,35°32'24.25"S,150°35'46.79"E,-34.60851,149.81698,-33.6712,149.05604,-33.95762,151.02462,-35.2483,148.59145,-35.54007,150.59633,LT05_L1TP_090084_20060517_20161122_01_T1,LT50900842006137ASA01,https://earthexplorer.usgs.gov/browse-link/12266/LT50900842006137ASA01
LT05_L1TP_090084_20060501_20161122_01_T1,LT50900842006121ASA00,2006/05/01,LANDSAT_5,T1,1,, 090, 084,2016/11/22,2006:121:23:42:01.4567500,2006:121:23:42:28.0696300,ASA,DAY,49,48,142,4,4.133,3.052,2.787,N,,9,N,LPGS_12.8.2,FULL,30.62315333,38.70416983,TM_L1TP,TM,DEFINITIVE,7261,8191,7261,8191,UTM,55,WGS84,WGS84,30,30,LT05CPF_20060401_20060630_01.03,34°36'38.16"S,149°48'24.59"E,33°40'23.84"S,149°02'45.17"E,33°57'34.99"S,151°00'52.20"E,35°15'01.37"S,148°34'52.57"E,35°32'31.78"S,150°35'10.28"E,-34.6106,149.80683,-33.67329,149.04588,-33.95972,151.0145,-35.25038,148.58127,-35.54216,150.58619,LT05_L1TP_090084_20060501_20161122_01_T1,LT50900842006121ASA00,https://earthexplorer.usgs.gov/browse-link/12266/LT50900842006121ASA00
LT05_L1TP_090084_20060415_20161122_01_T1,LT50900842006105ASA00,2006/04/15,LANDSAT_5,T1,1,, 090, 084,2016/11/22,2006:105:23:41:46.4535600,2006:105:23:42:13.0664400,ASA,DAY,0,0,204,4,3.843,2.605,2.826,N,,9,N,LPGS_12.8.2,FULL,34.60878346,42.92025553,TM_L1TP,TM,DEFINITIVE,7261,8171,7261,8171,UTM,55,WGS84,WGS84,30,30,LT05CPF_20060401_20060630_01.03,34°36'17.03"S,149°48'23.44"E,33°40'02.75"S,149°02'44.16"E,33°57'13.82"S,151°00'50.72"E,35°14'40.31"S,148°34'51.74"E,35°32'10.64"S,150°35'08.99"E,-34.60473,149.80651,-33.66743,149.0456,-33.95384,151.01409,-35.24453,148.58104,-35.53629,150.58583,LT05_L1TP_090084_20060415_20161122_01_T1,LT50900842006105ASA00,https://earthexplorer.usgs.gov/browse-link/12266/LT50900842006105ASA00
LT05_L1GS_090084_20060314_20161123_01_T2,LT50900842006073ASA00,2006/03/14,LANDSAT_5,T2,1,, 090, 084,2016/11/23,2006:073:23:41:11.0493800,2006:073:23:41:37.6621900,ASA,DAY,89,89,-1,-1,,,,N,,9,N,LPGS_12.8.2,FULL,42.71598982,55.15358823,TM_L1GS,TM,DEFINITIVE,7271,8111,7271,8111,UTM,55,WGS84,WGS84,30,30,LT05CPF_20060101_20060331_01.03,34°36'36.83"S,149°48'43.67"E,33°40'22.51"S,149°03'04.25"E,33°57'33.66"S,151°01'11.24"E,35°15'00.04"S,148°35'11.65"E,35°32'30.44"S,150°35'29.36"E,-34.61023,149.81213,-33.67292,149.05118,-33.95935,151.01979,-35.25001,148.58657,-35.54179,150.59149,LT05_L1GS_090084_20060314_20161123_01_T2,LT50900842006073ASA00,https://earthexplorer.usgs.gov/browse-link/12266/LT50900842006073ASA00
LT05_L1TP_090084_20060226_20161123_01_T1,LT50900842006057ASA00,2006/02/26,LANDSAT_5,T1,1,, 090, 084,2016/11/23,2006:057:23:40:51.3924400,2006:057:23:41:18.0052500,ASA,DAY,82,82,31,4,4.379,3.175,3.016,N,,9,N,LPGS_12.8.2,FULL,46.39178533,62.30134883,TM_L1TP,TM,DEFINITIVE,7261,8121,7261,8121,UTM,55,WGS84,WGS84,30,30,LT05CPF_20060101_20060331_01.03,34°36'43.96"S,149°48'53.39"E,33°40'29.64"S,149°03'13.90"E,33°57'40.79"S,151°01'21.07"E,35°15'07.16"S,148°35'21.26"E,35°32'37.61"S,150°35'39.16"E,-34.61221,149.81483,-33.6749,149.05386,-33.96133,151.02252,-35.25199,148.58924,-35.54378,150.59421,LT05_L1TP_090084_20060226_20161123_01_T1,LT50900842006057ASA00,https://earthexplorer.usgs.gov/browse-link/12266/LT50900842006057ASA00
LT05_L1TP_090084_20060210_20161123_01_T1,LT50900842006041ASA00,2006/02/10,LANDSAT_5,T1,1,, 090, 084,2016/11/23,2006:041:23:40:31.1012500,2006:041:23:40:57.7140600,ASA,DAY,5,5,139,4,4.193,3.07,2.856,N,,9,N,LPGS_12.8.2,FULL,49.70942031,69.20047555,TM_L1TP,TM,DEFINITIVE,7261,8151,7261,8151,UTM,55,WGS84,WGS84,30,30,LT05CPF_20060101_20060331_01.03,34°36'44.82"S,149°48'53.28"E,33°40'30.50"S,149°03'13.79"E,33°57'41.65"S,151°01'21.00"E,35°15'08.03"S,148°35'21.16"E,35°32'38.47"S,150°35'39.05"E,-34.61245,149.8148,-33.67514,149.05383,-33.96157,151.0225,-35.25223,148.58921,-35.54402,150.59418,LT05_L1TP_090084_20060210_20161123_01_T1,LT50900842006041ASA00,https://earthexplorer.usgs.gov/browse-link/12266/LT50900842006041ASA00
LT05_L1TP_090084_20060125_20161123_01_T1,LT50900842006025ASA00,2006/01/25,LANDSAT_5,T1,1,, 090, 084,2016/11/23,2006:025:23:40:08.9543800,2006:025:23:40:35.5671300,ASA,DAY,27,27,79,4,4.601,3.501,2.986,N,,9,N,LPGS_12.8.2,FULL,52.68729363,74.9658888,TM_L1TP,TM,DEFINITIVE,7271,8181,7271,8181,UTM,55,WGS84,WGS84,30,30,LT05CPF_20060101_20060331_01.03,34°36'24.66"S,149°49'05.16"E,33°40'10.34"S,149°03'25.81"E,33°57'21.46"S,151°01'32.56"E,35°14'47.90"S,148°35'33.36"E,35°32'18.28"S,150°35'50.75"E,-34.60685,149.8181,-33.66954,149.05717,-33.95596,151.02571,-35.24664,148.5926,-35.53841,150.59743,LT05_L1TP_090084_20060125_20161123_01_T1,LT50900842006025ASA00,https://earthexplorer.usgs.gov/browse-link/12266/LT50900842006025ASA00
LT05_L1GS_090084_20051122_20161123_01_T2,LT50900842005326ASA01,2005/11/22,LANDSAT_5,T2,1,BUMPER, 090, 084,2016/11/23,2005:326:23:38:38.7921900,2005:326:23:39:05.4049400,ASA,DAY,89,90,-1,-1,,,,N,,9,N,LPGS_12.8.2,FULL,58.35003581,71.60948163,TM_L1GS,TM,DEFINITIVE,7271,8121,7271,8121,UTM,55,WGS84,WGS84,30,30,LT05CPF_20051001_20051231_01.03,34°36'01.87"S,149°47'40.13"E,33°39'47.59"S,149°02'00.96"E,33°56'58.63"S,151°00'07.20"E,35°14'25.19"S,148°34'08.69"E,35°31'55.45"S,150°34'25.54"E,-34.60052,149.79448,-33.66322,149.0336,-33.94962,151.002,-35.24033,148.56908,-35.53207,150.57376,LT05_L1GS_090084_20051122_20161123_01_T2,LT50900842005326ASA01,https://earthexplorer.usgs.gov/browse-link/12266/LT50900842005326ASA01
LT05_L1GS_090084_20051106_20161124_01_T2,LT50900842005310ASA01,2005/11/06,LANDSAT_5,T2,1,BUMPER, 090, 084,2016/11/24,2005:310:23:38:15.1196300,2005:310:23:38:41.7325000,ASA,DAY,83,83,-1,-1,,,,N,,9,N,LPGS_12.8.2,FULL,56.35140488,64.95350973,TM_L1GS,TM,DEFINITIVE,7261,8111,7261,8111,UTM,55,WGS84,WGS84,30,30,LT05CPF_20051001_20051231_01.03,34°35'58.20"S,149°47'06.29"E,33°39'43.92"S,149°01'27.12"E,33°56'54.96"S,150°59'33.29"E,35°14'21.52"S,148°33'34.92"E,35°31'51.78"S,150°33'51.70"E,-34.5995,149.78508,-33.6622,149.0242,-33.9486,150.99258,-35.23931,148.5597,-35.53105,150.56436,LT05_L1GS_090084_20051106_20161124_01_T2,LT50900842005310ASA01,https://earthexplorer.usgs.gov/browse-link/12266/LT50900842005310ASA01
LT05_L1TP_090084_20051021_20161124_01_T1,LT50900842005294ASA01,2005/10/21,LANDSAT_5,T1,1,BUMPER, 090, 084,2016/11/24,2005:294:23:38:07.3583800,2005:294:23:38:33.9711900,ASA,DAY,39,39,62,4,4.583,3.418,3.053,N,,9,N,LPGS_12.8.2,FULL,52.68528233,58.49161017,TM_L1TP,TM,DEFINITIVE,7251,8131,7251,8131,UTM,55,WGS84,WGS84,30,30,LT05CPF_20051001_20051231_01.03,34°36'02.09"S,149°47'08.88"E,33°39'47.81"S,149°01'29.71"E,33°56'58.85"S,150°59'35.95"E,35°14'25.40"S,148°33'37.44"E,35°31'55.67"S,150°33'54.29"E,-34.60058,149.7858,-33.66328,149.02492,-33.94968,150.99332,-35.24039,148.5604,-35.53213,150.56508,LT05_L1TP_090084_20051021_20161124_01_T1,LT50900842005294ASA01,https://earthexplorer.usgs.gov/browse-link/12266/LT50900842005294ASA01
LT05_L1TP_090084_20051005_20161124_01_T1,LT50900842005278ASA01,2005/10/05,LANDSAT_5,T1,1,BUMPER, 090, 084,2016/11/24,2005:278:23:38:09.0380000,2005:278:23:38:35.6508800,ASA,DAY,45,46,58,4,3.481,2.406,2.515,N,,9,N,LPGS_12.8.2,FULL,47.74583701,53.13740649,TM_L1TP,TM,DEFINITIVE,7261,8161,7261,8161,UTM,55,WGS84,WGS84,30,30,LT05CPF_20051001_20051231_01.03,34°36'10.04"S,149°46'50.20"E,33°39'55.76"S,149°01'10.96"E,33°57'06.80"S,150°59'17.38"E,35°14'33.32"S,148°33'18.61"E,35°32'03.62"S,150°33'35.68"E,-34.60279,149.78061,-33.66549,149.01971,-33.95189,150.98816,-35.24259,148.55517,-35.53434,150.55991,LT05_L1TP_090084_20051005_20161124_01_T1,LT50900842005278ASA01,https://earthexplorer.usgs.gov/browse-link/12266/LT50900842005278ASA01
LT05_L1TP_090084_20050919_20161125_01_T1,LT50900842005262ASA01,2005/09/19,LANDSAT_5,T1,1,BUMPER, 090, 084,2016/11/25,2005:262:23:38:12.6083800,2005:262:23:38:39.2212500,ASA,DAY,45,44,129,4,4.332,2.812,3.295,N,,9,N,LPGS_12.8.2,FULL,42.12276641,48.95971906,TM_L1TP,TM,DEFINITIVE,7261,8181,7261,8181,UTM,55,WGS84,WGS84,30,30,LT05CPF_20050701_20050930_01.03,34°36'05.08"S,149°45'46.91"E,33°39'50.80"S,149°00'07.70"E,33°57'01.84"S,150°58'14.02"E,35°14'28.39"S,148°32'15.40"E,35°31'58.66"S,150°32'32.35"E,-34.60141,149.76303,-33.66411,149.00214,-33.95051,150.97056,-35.24122,148.53761,-35.53296,150.54232,LT05_L1TP_090084_20050919_20161125_01_T1,LT50900842005262ASA01,https://earthexplorer.usgs.gov/browse-link/12266/LT50900842005262ASA01
LT05_L1GS_090084_20050903_20161124_01_T2,LT50900842005246ASA01,2005/09/03,LANDSAT_5,T2,1,BUMPER, 090, 084,2016/11/24,2005:246:23:38:11.9408100,2005:246:23:38:38.5536900,ASA,DAY,70,70,-1,-1,,,,N,,9,N,LPGS_12.8.2,FULL,36.44052271,45.62698514,TM_L1GS,TM,DEFINITIVE,7261,8171,7261,8171,UTM,55,WGS84,WGS84,30,30,LT05CPF_20050701_20050930_01.03,34°35'43.62"S,149°45'31.75"E,33°39'29.38"S,148°59'52.69"E,33°56'40.34"S,150°57'58.54"E,35°14'06.97"S,148°32'00.60"E,35°31'37.20"S,150°32'17.02"E,-34.59545,149.75882,-33.65816,148.99797,-33.94454,150.96626,-35.23527,148.5335,-35.527,150.53806,LT05_L1GS_090084_20050903_20161124_01_T2,LT50900842005246ASA01,https://earthexplorer.usgs.gov/browse-link/12266/LT50900842005246ASA01
LT05_L1GS_090084_20050818_20161124_01_T2,LT50900842005230ASA01,2005/08/18,LANDSAT_5,T2,1,BUMPER, 090, 084,2016/11/24,2005:230:23:38:07.7845600,2005:230:23:38:34.3974400,ASA,DAY,97,97,-1,-1,,,,N,,9,N,LPGS_12.8.2,FULL,31.2370696,42.81056891,TM_L1GS,TM,DEFINITIVE,7261,8151,7261,8151,UTM,55,WGS84,WGS84,30,30,LT05CPF_20050701_20050930_01.03,34°36'07.16"S,149°45'43.24"E,33°39'52.88"S,149°00'04.03"E,33°57'03.92"S,150°58'10.38"E,35°14'30.44"S,148°32'11.72"E,35°32'00.74"S,150°32'28.72"E,-34.60199,149.76201,-33.66469,149.00112,-33.95109,150.96955,-35.24179,148.53659,-35.53354,150.54131,LT05_L1GS_090084_20050818_20161124_01_T2,LT50900842005230ASA01,https://earthexplorer.usgs.gov/browse-link/12266/LT50900842005230ASA01
LT05_L1GS_090084_20050802_20161125_01_T2,LT50900842005214ASA01,2005/08/02,LANDSAT_5,T2,1,BUMPER, 090, 084,2016/11/25,2005:214:23:38:00.9715600,2005:214:23:38:27.5843800,ASA,DAY,92,92,-1,-1,,,,N,,9,N,LPGS_12.8.2,FULL,26.99259945,40.33601155,TM_L1GS,TM,DEFINITIVE,7251,8121,7251,8121,UTM,55,WGS84,WGS84,30,30,LT05CPF_20050701_20050930_01.03,34°36'11.23"S,149°46'26.69"E,33°39'56.95"S,149°00'47.45"E,33°57'07.99"S,150°58'53.90"E,35°14'34.51"S,148°32'55.10"E,35°32'04.85"S,150°33'12.17"E,-34.60312,149.77408,-33.66582,149.01318,-33.95222,150.98164,-35.24292,148.54864,-35.53468,150.55338,LT05_L1GS_090084_20050802_20161125_01_T2,LT50900842005214ASA01,https://earthexplorer.usgs.gov/browse-link/12266/LT50900842005214ASA01
LT05_L1TP_090084_20050717_20161126_01_T1,LT50900842005198ASA01,2005/07/17,LANDSAT_5,T1,1,BUMPER, 090, 084,2016/11/26,2005:198:23:37:51.3982500,2005:198:23:38:18.0111900,ASA,DAY,1,1,197,4,4.284,3.181,2.87,N,,9,N,LPGS_12.8.2,FULL,24.05154429,38.20626951,TM_L1TP,TM,DEFINITIVE,7261,8121,7261,8121,UTM,55,WGS84,WGS84,30,30,LT05CPF_20050701_20050930_01.03,34°36'27.50"S,149°47'39.19"E,33°40'13.19"S,149°01'59.84"E,33°57'24.30"S,151°00'06.66"E,35°14'50.75"S,148°34'07.32"E,35°32'21.12"S,150°34'24.82"E,-34.60764,149.79422,-33.67033,149.03329,-33.95675,151.00185,-35.24743,148.5687,-35.5392,150.57356,LT05_L1TP_090084_20050717_20161126_01_T1,LT50900842005198ASA01,https://earthexplorer.usgs.gov/browse-link/12266/LT50900842005198ASA01
LT05_L1TP_090084_20050701_20161126_01_T1,LT50900842005182ASA01,2005/07/01,LANDSAT_5,T1,1,BUMPER, 090, 084,2016/11/26,2005:182:23:37:42.2296900,2005:182:23:38:08.8426300,ASA,DAY,57,58,87,4,5.117,3.894,3.32,N,,9,N,LPGS_12.8.2,FULL,22.63252553,36.57153362,TM_L1TP,TM,DEFINITIVE,7261,8131,7261,8131,UTM,55,WGS84,WGS84,30,30,LT05CPF_20050701_20050930_01.03,34°36'44.14"S,149°48'38.84"E,33°40'29.82"S,149°02'59.35"E,33°57'40.97"S,151°01'06.56"E,35°15'07.34"S,148°35'06.72"E,35°32'37.79"S,150°35'24.61"E,-34.61226,149.81079,-33.67495,149.04982,-33.96138,151.01849,-35.25204,148.5852,-35.54383,150.59017,LT05_L1TP_090084_20050701_20161126_01_T1,LT50900842005182ASA01,https://earthexplorer.usgs.gov/browse-link/12266/LT50900842005182ASA01
LT05_L1TP_090084_20050615_20161125_01_T1,LT50900842005166ASA01,2005/06/15,LANDSAT_5,T1,1,BUMPER, 090, 084,2016/11/25,2005:166:23:37:38.1930000,2005:166:23:38:04.8060000,ASA,DAY,37,38,119,4,4.478,3.36,2.96,N,,9,N,LPGS_12.8.2,FULL,22.78542226,35.71127791,TM_L1TP,TM,DEFINITIVE,7261,8161,7261,8161,UTM,55,WGS84,WGS84,30,30,LT05CPF_20050401_20050630_01.03,34°36'10.66"S,149°48'27.86"E,33°39'56.38"S,149°02'48.62"E,33°57'07.42"S,151°00'55.04"E,35°14'33.94"S,148°34'56.28"E,35°32'04.24"S,150°35'13.34"E,-34.60296,149.80774,-33.66566,149.04684,-33.95206,151.01529,-35.24276,148.5823,-35.53451,150.58704,LT05_L1TP_090084_20050615_20161125_01_T1,LT50900842005166ASA01,https://earthexplorer.usgs.gov/browse-link/12266/LT50900842005166ASA01
LT05_L1TP_090084_20050530_20161127_01_T1,LT50900842005150ASA01,2005/05/30,LANDSAT_5,T1,1,BUMPER, 090, 084,2016/11/27,2005:150:23:37:31.1552500,2005:150:23:37:57.7683100,ASA,DAY,15,14,186,4,4.548,3.355,3.071,N,,9,N,LPGS_12.8.2,FULL,24.36274812,35.90909943,TM_L1TP,TM,DEFINITIVE,7261,8171,7261,8171,UTM,55,WGS84,WGS84,30,30,LT05CPF_20050401_20050630_01.03,34°36'38.70"S,149°48'43.45"E,33°40'24.38"S,149°03'04.00"E,33°57'35.53"S,151°01'11.06"E,35°15'01.91"S,148°35'11.44"E,35°32'32.32"S,150°35'29.18"E,-34.61075,149.81207,-33.67344,149.05111,-33.95987,151.01974,-35.25053,148.58651,-35.54231,150.59144,LT05_L1TP_090084_20050530_20161127_01_T1,LT50900842005150ASA01,https://earthexplorer.usgs.gov/browse-link/12266/LT50900842005150ASA01
LT05_L1TP_090084_20050514_20161127_01_T1,LT50900842005134ASA01,2005/05/14,LANDSAT_5,T1,1,BUMPER, 090, 084,2016/11/27,2005:134:23:37:22.1530000,2005:134:23:37:48.7660600,ASA,DAY,36,37,90,4,4.262,2.984,3.043,N,,9,N,LPGS_12.8.2,FULL,27.11283681,37.43312728,TM_L1TP,TM,DEFINITIVE,7261,8171,7261,8171,UTM,55,WGS84,WGS84,30,30,LT05CPF_20050401_20050630_01.03,34°36'30.49"S,149°49'30.07"E,33°40'16.18"S,149°03'50.69"E,33°57'27.29"S,151°01'57.58"E,35°14'53.74"S,148°35'58.16"E,35°32'24.11"S,150°36'15.73"E,-34.60847,149.82502,-33.67116,149.06408,-33.95758,151.03266,-35.24826,148.59949,-35.54003,150.60437,LT05_L1TP_090084_20050514_20161127_01_T1,LT50900842005134ASA01,https://earthexplorer.usgs.gov/browse-link/12266/LT50900842005134ASA01
LT05_L1TP_090084_20050428_20161127_01_T1,LT50900842005118ASA01,2005/04/28,LANDSAT_5,T1,1,BUMPER, 090, 084,2016/11/27,2005:118:23:37:15.6398800,2005:118:23:37:42.2529400,ASA,DAY,46,48,86,4,4.061,2.966,2.774,N,,9,N,LPGS_12.8.2,FULL,30.67302526,40.42430466,TM_L1TP,TM,DEFINITIVE,7261,8161,7261,8161,UTM,55,WGS84,WGS84,30,30,LT05CPF_20050401_20050630_01.03,34°36'43.06"S,149°49'24.56"E,33°40'28.74"S,149°03'45.11"E,33°57'39.89"S,151°01'52.25"E,35°15'06.26"S,148°35'52.48"E,35°32'36.71"S,150°36'10.33"E,-34.61196,149.82349,-33.67465,149.06253,-33.96108,151.03118,-35.25174,148.59791,-35.54353,150.60287,LT05_L1TP_090084_20050428_20161127_01_T1,LT50900842005118ASA01,https://earthexplorer.usgs.gov/browse-link/12266/LT50900842005118ASA01
LT05_L1TP_090084_20050412_20161126_01_T1,LT50900842005102ASA01,2005/04/12,LANDSAT_5,T1,1,BUMPER, 090, 084,2016/11/26,2005:102:23:37:11.0160600,2005:102:23:37:37.6289400,ASA,DAY,25,26,41,4,4.115,2.93,2.889,N,,9,N,LPGS_12.8.2,FULL,34.66490602,44.89781642,TM_L1TP,TM,DEFINITIVE,7261,8131,7261,8131,UTM,55,WGS84,WGS84,30,30,LT05CPF_20050401_20050630_01.03,34°36'37.15"S,149°48'42.62"E,33°40'22.84"S,149°03'03.20"E,33°57'33.98"S,151°01'10.24"E,35°15'00.36"S,148°35'10.61"E,35°32'30.77"S,150°35'28.32"E,-34.61032,149.81184,-33.67301,149.05089,-33.95944,151.01951,-35.2501,148.58628,-35.54188,150.5912,LT05_L1TP_090084_20050412_20161126_01_T1,LT50900842005102ASA01,https://earthexplorer.usgs.gov/browse-link/12266/LT50900842005102ASA01
LT05_L1TP_090084_20050327_20161126_01_T1,LT50900842005086ASA01,2005/03/27,LANDSAT_5,T1,1,BUMPER, 090, 084,2016/11/26,2005:086:23:37:07.2980600,2005:086:23:37:33.9109400,ASA,DAY,15,15,112,4,4.313,2.954,3.143,N,,9,N,LPGS_12.8.2,FULL,38.74550114,50.69045073,TM_L1TP,TM,DEFINITIVE,7251,8121,7251,8121,UTM,55,WGS84,WGS84,30,30,LT05CPF_20050101_20050331_01.03,34°36'13.25"S,149°47'32.93"E,33°39'58.97"S,149°01'53.65"E,33°57'10.01"S,151°00'00.18"E,35°14'36.53"S,148°34'01.31"E,35°32'06.86"S,150°34'18.44"E,-34.60368,149.79248,-33.66638,149.03157,-33.95278,151.00005,-35.24348,148.56703,-35.53524,150.57179,LT05_L1TP_090084_20050327_20161126_01_T1,LT50900842005086ASA01,https://earthexplorer.usgs.gov/browse-link/12266/LT50900842005086ASA01
LT05_L1TP_090084_20050311_20161126_01_T1,LT50900842005070ASA01,2005/03/11,LANDSAT_5,T1,1,BUMPER, 090, 084,2016/11/26,2005:070:23:36:59.8126900,2005:070:23:37:26.4255000,ASA,DAY,1,1,195,4,4.27,3.083,2.954,N,,9,N,LPGS_12.8.2,FULL,42.64632225,57.42537743,TM_L1TP,TM,DEFINITIVE,7261,8121,7261,8121,UTM,55,WGS84,WGS84,30,30,LT05CPF_20050101_20050331_01.03,34°36'06.70"S,149°46'57.97"E,33°39'52.42"S,149°01'18.77"E,33°57'03.46"S,150°59'25.12"E,35°14'29.98"S,148°33'26.46"E,35°32'00.28"S,150°33'43.42"E,-34.60186,149.78277,-33.66456,149.02188,-33.95096,150.99031,-35.24166,148.55735,-35.53341,150.56206,LT05_L1TP_090084_20050311_20161126_01_T1,LT50900842005070ASA01,https://earthexplorer.usgs.gov/browse-link/12266/LT50900842005070ASA01
LT05_L1TP_090084_20050223_20161127_01_T1,LT50900842005054ASA01,2005/02/23,LANDSAT_5,T1,1,BUMPER, 090, 084,2016/11/27,2005:054:23:36:47.3006300,2005:054:23:37:13.9135000,ASA,DAY,36,35,203,4,4.28,3.051,3.001,N,,9,N,LPGS_12.8.2,FULL,46.23093827,64.52196031,TM_L1TP,TM,DEFINITIVE,7261,8141,7261,8141,UTM,55,WGS84,WGS84,30,30,LT05CPF_20050101_20050331_01.03,34°36'05.80"S,149°47'14.86"E,33°39'51.52"S,149°01'35.65"E,33°57'02.56"S,150°59'41.96"E,35°14'29.08"S,148°33'43.34"E,35°31'59.38"S,150°34'00.30"E,-34.60161,149.78746,-33.66431,149.02657,-33.95071,150.99499,-35.24141,148.56204,-35.53316,150.56675,LT05_L1TP_090084_20050223_20161127_01_T1,LT50900842005054ASA01,https://earthexplorer.usgs.gov/browse-link/12266/LT50900842005054ASA01
LT05_L1TP_090084_20050207_20161127_01_T1,LT50900842005038ASA01,2005/02/07,LANDSAT_5,T1,1,BUMPER, 090, 084,2016/11/27,2005:038:23:36:31.0063800,2005:038:23:36:57.6192500,ASA,DAY,17,18,183,4,4.423,3.169,3.086,N,,9,N,LPGS_12.8.2,FULL,49.47105095,71.19446864,TM_L1TP,TM,DEFINITIVE,7261,8171,7261,8171,UTM,55,WGS84,WGS84,30,30,LT05CPF_20050101_20050331_01.03,34°36'33.59"S,149°48'03.31"E,33°40'19.27"S,149°02'23.89"E,33°57'30.42"S,151°00'30.85"E,35°14'56.83"S,148°34'31.37"E,35°32'27.20"S,150°34'48.97"E,-34.60933,149.80092,-33.67202,149.03997,-33.95845,151.00857,-35.24912,148.57538,-35.54089,150.58027,LT05_L1TP_090084_20050207_20161127_01_T1,LT50900842005038ASA01,https://earthexplorer.usgs.gov/browse-link/12266/LT50900842005038ASA01
